Country,Year,Energy Type,Production (GWh),Installed Capacity (MW),Investments (USD),Energy Consumption,CO2 Emissions,Renewable Energy Jobs,Renewable Energy Targets,Electricity Prices,Proportion of Energy from Renewables
Australia,2000,Biomass,43636.88,19296.87,6554377220.55,358831.38,957141.06,393848,0,0.2,50.87
Australia,2000,Geothermal,55704.73,29067.84,2517783499.59,947418.44,437142.43,213998,0,0.09,5.41
Australia,2000,Geothermal,34127.02,20430.13,8095328506.95,343075.14,387836.94,728301,1,0.24,52.41
Australia,2000,Geothermal,56719.64,6854.81,9874372882.42,408956.04,870582.76,562615,1,0.26,96.57
Australia,2000,Hydro,92721.86,26342.65,6926365389.73,149481.98,13354.85,697049,1,0.06,95.56
Australia,2000,Hydro,19480.72,14951.56,8927253139.91,110024.71,805237.22,594834,1,0.43,38.94
Australia,2000,Hydro,45880.71,39832.49,8545379706.16,23429.77,542926.95,168781,0,0.17,56.18
Australia,2000,Solar,64257.75,7523.08,5319923925.38,350032.7,364187.67,775624,0,0.25,37.58
Australia,2000,Wind,65564.31,15351.44,4138285781.25,674245.84,411508.01,465073,0,0.12,54.66
Australia,2000,Wind,28510.6,32568.03,405377310.85,729846.12,849540.44,738147,1,0.4,46.12
Australia,2001,Biomass,97065.02,32766.21,5294719310.61,879532.75,684165.62,885436,1,0.09,76.68
Australia,2001,Biomass,32851.8,18941.41,3611636118.99,764824.51,301038.01,867533,0,0.28,13.47
Australia,2001,Biomass,83987.5,12248.38,8456524049.51,46425.11,296460.88,411465,0,0.38,33.02
Australia,2001,Hydro,44314.46,34848.19,2971230108.08,860316.73,602631.58,371629,1,0.39,95.19
Australia,2001,Hydro,45228.26,37404.83,4972536631.9,883614.12,926316.26,981100,1,0.48,33.98
Australia,2001,Hydro,86644.63,35982.04,9217238165.09,955702.4,866092.87,743607,0,0.13,80.33
Australia,2001,Hydro,26667.14,1678.33,9163542988.4,669265.16,111554.47,398217,1,0.35,45.55
Australia,2001,Hydro,16808.72,26940.36,6993261222.62,753752.59,247172.81,825788,0,0.28,41.65
Australia,2001,Solar,46472.76,18686.58,9633933560.8,106316.42,765203.77,976260,0,0.28,85.48
Australia,2001,Solar,37882.71,29915.06,3175216832.26,399182.96,790665.04,275382,0,0.44,63.1
Australia,2001,Solar,92780.04,27439.94,2811582489.19,710755.56,480521.63,272022,0,0.11,1.72
Australia,2001,Wind,35556.23,7081.48,3167697334.07,722170.19,513169.57,107598,1,0.26,20.24
Australia,2001,Wind,84579.9,5998.04,4501265118.64,290684.39,698406.97,353268,0,0.28,64.75
Australia,2002,Biomass,38314.89,34763.39,3158583110.11,420872.69,873681.13,365174,1,0.1,81.98
Australia,2002,Geothermal,94113.04,9520.76,4950263478.66,454928.59,14967.56,77740,0,0.22,6.08
Australia,2002,Geothermal,24342.17,4915.95,5340339581.35,139560.4,153227.42,431968,1,0.12,55.03
Australia,2002,Geothermal,94378.83,48220.74,2464056171.25,623280.41,840135.81,382304,0,0.32,33.79
Australia,2002,Hydro,66032.44,31817.91,3813039172.36,69497.91,483768.58,699606,0,0.29,32.4
Australia,2002,Hydro,19864.02,18710.21,4790213384.42,102494.76,223916.5,772425,0,0.26,34.52
Australia,2002,Hydro,58377.84,45309.25,6319616298.12,876506.57,888215.82,539338,0,0.47,82.78
Australia,2002,Hydro,64211.45,29899.01,970816346.8,873235.02,38418.79,402417,1,0.11,43.05
Australia,2002,Hydro,4847.66,21926.95,3131715113.88,755189.68,851728.54,675626,0,0.43,66.77
Australia,2002,Solar,67484.51,32816.52,8145434514.1,408444.99,357599.09,144097,0,0.24,92.4
Australia,2002,Solar,22026.0,42339.08,7344065461.86,246910.32,802476.8,863105,0,0.15,67.46
Australia,2002,Solar,27478.58,18235.16,7026598396.34,467755.33,559275.72,242817,1,0.06,5.35
Australia,2002,Solar,29658.98,20175.91,6899772821.24,671806.29,683538.55,750001,0,0.09,93.84
Australia,2003,Biomass,65260.57,48971.77,2364936805.98,948333.88,294815.74,239101,1,0.18,76.36
Australia,2003,Biomass,94087.92,39419.29,1885040361.0,104868.38,130822.59,767227,1,0.19,21.33
Australia,2003,Biomass,77408.7,33998.35,508485057.56,274168.14,934187.93,543604,0,0.3,4.76
Australia,2003,Biomass,11977.33,8778.47,659340145.82,919180.6,958881.94,327165,1,0.49,46.15
Australia,2003,Geothermal,58251.6,31181.72,2850111385.11,452270.05,36736.1,568155,0,0.18,3.38
Australia,2003,Hydro,60951.16,37042.08,9386500422.77,716250.73,116202.52,369546,1,0.19,97.13
Australia,2003,Solar,29215.15,34812.75,1340178146.74,291940.84,758916.33,516092,1,0.25,63.03
Australia,2003,Wind,99506.49,2961.81,7121396027.48,891022.44,448199.33,341759,1,0.49,86.33
Australia,2003,Wind,51379.28,38762.46,4161960357.38,512137.77,625692.56,112289,0,0.31,13.96
Australia,2004,Biomass,14325.35,38289.19,8716510274.46,673921.35,593383.57,984025,0,0.17,27.08
Australia,2004,Biomass,1588.09,7227.27,4512642941.01,439754.95,95547.28,358419,0,0.33,21.39
Australia,2004,Biomass,22583.52,4196.54,4771648214.93,790022.24,105539.31,257074,1,0.31,64.45
Australia,2004,Biomass,31403.65,37271.15,748475597.75,46200.77,854861.47,526383,1,0.43,47.94
Australia,2004,Geothermal,60887.52,9321.26,8882535248.65,537620.55,832590.99,754042,0,0.14,31.66
Australia,2004,Geothermal,44919.3,7846.77,1621523197.89,543438.86,663600.35,542873,0,0.06,52.35
Australia,2004,Geothermal,85082.23,24844.41,3262353357.38,715721.86,863236.4,576981,1,0.16,12.03
Australia,2004,Geothermal,16853.92,29513.48,445211380.04,848066.21,133168.12,179230,1,0.13,91.48
Australia,2004,Hydro,23917.3,19790.1,346565924.85,256653.62,323469.94,97001,1,0.13,47.93
Australia,2004,Hydro,16296.29,18780.35,8167146695.82,517558.25,299117.99,32699,1,0.05,61.79
Australia,2004,Wind,61537.82,16535.24,6693958809.52,899356.23,123374.8,49809,1,0.39,68.9
Australia,2005,Biomass,26459.16,44580.59,1303429736.94,528689.12,27898.53,583708,1,0.26,11.64
Australia,2005,Biomass,19940.86,34104.23,6494242672.13,614579.49,414335.12,379077,1,0.17,30.32
Australia,2005,Biomass,81527.83,17485.6,1029600540.25,30913.44,202571.71,483564,1,0.15,41.77
Australia,2005,Biomass,49729.49,13332.57,6535538011.58,938857.39,415101.91,986052,0,0.45,94.41
Australia,2005,Geothermal,25262.74,35627.95,1050465846.51,143117.05,997991.78,437767,1,0.09,48.81
Australia,2005,Hydro,73151.08,5083.83,2576953759.13,714957.76,897593.14,823959,1,0.14,81.79
Australia,2005,Hydro,50575.88,3949.32,7221398394.04,2820.56,498046.12,596447,1,0.47,4.33
Australia,2005,Hydro,50893.58,40247.83,8862358962.84,563279.15,421968.92,436563,0,0.42,70.79
Australia,2005,Wind,29670.9,15484.86,1307394043.56,531789.01,845242.41,907533,1,0.24,84.37
Australia,2006,Biomass,90149.41,7759.77,5603858410.64,960011.53,468837.98,711468,0,0.06,56.43
Australia,2006,Geothermal,37892.93,36216.12,6441563353.29,731410.01,86460.22,802834,0,0.06,60.65
Australia,2006,Hydro,6177.7,415.39,4601006767.54,697190.35,224448.91,731293,0,0.45,72.09
Australia,2006,Hydro,53146.35,47654.14,4766772614.51,94883.06,145621.97,440737,1,0.19,50.41
Australia,2006,Solar,95372.52,38589.72,9568547682.02,12543.73,625698.66,238777,0,0.28,10.99
Australia,2006,Solar,75874.19,23122.05,1898463816.72,24406.89,684154.23,450046,0,0.24,9.46
Australia,2006,Wind,61007.9,35500.28,6321123876.67,684673.35,865798.3,965154,1,0.35,11.63
Australia,2006,Wind,8664.08,40044.51,473388339.98,7780.4,657773.26,211551,1,0.09,65.42
Australia,2007,Biomass,30522.44,9057.73,7461167473.99,932834.61,396534.48,713616,1,0.27,66.52
Australia,2007,Geothermal,53801.69,6784.63,7017346211.31,275702.41,586081.39,849692,0,0.42,19.24
Australia,2007,Geothermal,43580.47,38438.64,2809893211.92,797368.09,899308.93,662482,1,0.47,73.05
Australia,2007,Hydro,59493.18,13513.12,232934345.98,726757.47,705960.13,387819,1,0.06,10.38
Australia,2007,Solar,5411.84,49435.02,3678951441.67,775048.56,526581.3,143548,1,0.14,13.32
Australia,2007,Solar,38018.3,22447.15,6615517589.65,475425.57,60055.98,28415,0,0.37,75.72
Australia,2007,Solar,59329.33,6111.75,7858042959.89,775201.72,405569.14,204967,1,0.23,35.71
Australia,2007,Wind,82303.46,13671.9,2952536191.73,855082.69,50656.03,255363,1,0.1,68.81
Australia,2007,Wind,68253.57,25407.46,4106642167.61,973920.33,880724.65,809616,0,0.06,20.07
Australia,2007,Wind,90743.91,30358.74,9432044962.67,591662.47,642948.92,285969,1,0.46,88.52
Australia,2008,Biomass,74876.07,12543.45,3455866136.66,71588.21,386514.07,914253,0,0.43,87.0
Australia,2008,Biomass,12028.1,25614.87,3062369474.82,374359.32,776722.19,528077,1,0.35,20.47
Australia,2008,Biomass,86807.63,22419.58,9983412968.36,435874.21,364518.54,555945,0,0.06,79.0
Australia,2008,Geothermal,22205.07,43211.59,636188589.24,771781.64,826531.68,945074,1,0.33,95.0
Australia,2008,Geothermal,86965.28,25312.4,5324035676.8,511380.35,212363.8,974171,0,0.42,55.46
Australia,2008,Solar,25603.03,22468.71,9921407899.19,131263.96,916608.36,277073,0,0.49,76.77
Australia,2008,Wind,69640.14,24074.54,3394575034.73,976647.8,761562.36,753432,0,0.16,17.57
Australia,2008,Wind,32167.99,13077.79,9685416618.83,978691.32,565572.21,191089,0,0.3,58.26
Australia,2008,Wind,6594.36,35714.75,6280953115.68,387856.08,460487.96,968853,0,0.31,95.09
Australia,2009,Biomass,3832.76,26131.87,4499298659.45,363620.14,193308.23,155438,1,0.38,81.86
Australia,2009,Biomass,66008.07,13134.45,336495897.19,208800.19,142773.04,403964,1,0.44,6.62
Australia,2009,Geothermal,49594.25,26117.13,1106594120.13,287788.57,134180.37,885484,1,0.34,15.38
Australia,2009,Geothermal,59459.82,43504.78,7616736226.93,828948.52,654785.63,588695,1,0.43,70.33
Australia,2009,Geothermal,53915.19,825.55,5047067938.18,436819.78,957720.35,761528,0,0.25,97.16
Australia,2009,Geothermal,33395.66,32887.96,9902785572.34,165641.46,712144.04,309634,0,0.18,90.81
Australia,2009,Hydro,84381.1,47331.47,7626697712.26,917209.75,730418.9,4853,0,0.26,39.93
Australia,2009,Hydro,45110.18,36134.28,7259697136.57,505450.62,341204.02,529123,0,0.11,51.48
Australia,2009,Solar,40218.01,42993.53,338009756.2,267479.71,695121.13,526963,0,0.27,92.97
Australia,2009,Solar,25606.7,19959.08,2320138533.9,210798.72,380598.38,394329,0,0.45,86.57
Australia,2009,Wind,56320.76,30999.31,6159278134.84,72479.84,931131.75,96966,0,0.21,73.25
Australia,2010,Biomass,95524.34,253.69,7898424967.35,68187.67,649566.59,161310,1,0.28,55.01
Australia,2010,Geothermal,24073.33,14344.91,3067672684.47,662236.1,531921.64,98158,0,0.41,45.49
Australia,2010,Hydro,24298.48,31724.8,8416746927.58,840514.22,975798.55,237640,1,0.45,70.88
Australia,2010,Hydro,50710.54,12721.36,6990764754.95,54628.1,742374.93,377144,0,0.18,30.01
Australia,2010,Solar,8858.04,26949.85,1698919612.85,172751.42,926479.79,789379,1,0.35,44.18
Australia,2010,Wind,56645.95,3276.12,1381557828.46,73823.5,441604.17,485637,0,0.47,81.12
Australia,2010,Wind,32368.27,46429.13,1264753930.28,238996.1,28747.43,848717,1,0.48,77.63
Australia,2010,Wind,62927.48,24657.42,6521124857.23,563714.08,451757.89,189575,0,0.38,61.2
Australia,2010,Wind,93905.69,46677.4,1537473885.69,880021.75,353619.55,987493,0,0.32,46.99
Australia,2011,Geothermal,65206.66,4157.55,7516378444.33,630383.21,974526.59,873178,1,0.08,43.32
Australia,2011,Geothermal,80366.4,47416.36,3486357745.66,45929.43,478151.17,114414,0,0.3,78.5
Australia,2011,Geothermal,76030.23,24050.63,1138482228.9,77788.93,80311.4,426913,0,0.45,65.99
Australia,2011,Geothermal,34354.9,42898.68,5520610664.7,189039.06,320637.85,473467,1,0.21,82.03
Australia,2011,Geothermal,73075.97,37413.69,7280416548.7,532387.19,424775.81,917214,1,0.11,66.43
Australia,2011,Hydro,73276.9,4324.06,1638287453.53,972971.5,867504.01,312699,0,0.07,13.26
Australia,2011,Hydro,40907.85,1776.0,458414532.4,884475.43,370249.52,662068,1,0.14,8.65
Australia,2011,Hydro,60804.97,15249.95,3407586690.0,231533.31,288711.01,711151,1,0.05,45.57
Australia,2011,Hydro,59120.66,10496.43,7082683340.78,746346.33,138191.76,764615,1,0.4,32.4
Australia,2011,Solar,8250.4,36886.65,9153566535.69,92252.86,375328.51,817423,0,0.11,0.56
Australia,2011,Solar,48036.84,15969.16,4134075102.89,174972.77,96100.28,205777,1,0.31,12.24
Australia,2011,Solar,83460.62,31003.99,3129401155.39,498557.72,652411.93,798692,0,0.47,79.89
Australia,2011,Solar,70705.25,21791.97,425601447.33,645946.98,569571.73,181553,1,0.45,42.89
Australia,2011,Wind,69389.98,44843.46,1665280086.68,510998.3,741601.9,896222,0,0.23,19.67
Australia,2011,Wind,39191.52,19564.94,7739032783.77,598310.91,374535.72,636166,0,0.15,36.43
Australia,2011,Wind,66309.78,24848.72,8665725401.97,649394.51,64643.1,986333,1,0.25,3.4
Australia,2011,Wind,70539.83,7540.05,9734031095.27,122774.7,227209.65,703993,1,0.34,15.09
Australia,2012,Biomass,81789.65,10098.55,7747449970.26,937513.49,948343.71,21173,0,0.49,12.14
Australia,2012,Geothermal,40707.46,39746.35,4490880772.17,571408.93,765061.09,870560,0,0.49,73.74
Australia,2012,Geothermal,43673.63,29774.7,567720863.53,956157.52,883473.3,650021,1,0.4,88.57
Australia,2012,Geothermal,90031.22,20910.51,1823410586.29,644430.24,786401.15,828687,1,0.21,19.64
Australia,2012,Solar,19019.71,3035.54,2624064979.39,745300.64,126052.29,839750,0,0.11,51.2
Australia,2012,Solar,26508.09,295.1,9925910192.03,87253.4,550161.05,119930,0,0.44,34.04
Australia,2012,Wind,45640.27,2335.81,7294232700.25,73742.29,356457.53,116737,0,0.46,22.86
Australia,2012,Wind,24572.56,30152.15,4257694831.56,349833.29,313955.34,116423,1,0.23,36.28
Australia,2013,Biomass,65533.6,29206.63,6223464899.05,152753.99,25332.08,38232,0,0.21,24.71
Australia,2013,Biomass,33035.92,43668.79,2800013435.02,943834.0,641949.88,216553,1,0.11,67.0
Australia,2013,Geothermal,29950.96,25157.26,8638699395.12,947575.68,429640.85,134331,1,0.18,54.38
Australia,2013,Hydro,53614.16,22871.97,2524816958.73,321641.69,756546.85,167567,0,0.42,59.81
Australia,2013,Solar,15084.27,43860.43,8315987414.09,719563.19,361698.97,514968,0,0.48,77.07
Australia,2013,Solar,23229.54,20768.28,8942912383.57,136064.05,168396.35,909492,0,0.2,61.36
Australia,2013,Solar,2862.66,49079.82,5298298438.82,664023.57,637804.28,822701,1,0.1,67.38
Australia,2013,Solar,41873.27,15923.8,3981984488.3,849698.34,817150.2,668301,1,0.4,84.31
Australia,2013,Wind,57510.1,46103.56,8090497222.18,686454.83,329577.52,24681,1,0.26,28.85
Australia,2013,Wind,97568.79,49295.39,6563240343.55,315654.2,471751.32,239923,1,0.37,6.89
Australia,2013,Wind,38747.07,15916.37,8939517786.58,77804.17,624804.91,103273,0,0.23,60.99
Australia,2014,Biomass,71070.18,21007.74,5919068434.23,62570.94,712974.64,510179,0,0.31,69.03
Australia,2014,Biomass,28189.7,48632.87,9832844398.16,271157.11,876924.76,547411,0,0.24,26.25
Australia,2014,Geothermal,80403.74,38251.14,2838086069.67,703490.14,299402.8,717598,0,0.28,69.87
Australia,2014,Geothermal,60738.47,27191.87,162103188.43,800138.67,560745.91,978147,1,0.1,88.05
Australia,2014,Geothermal,51271.55,18927.67,448458828.76,688401.79,3851.73,236699,1,0.13,90.46
Australia,2014,Hydro,11187.97,34968.16,1187775824.01,347820.33,754759.87,690794,1,0.42,94.99
Australia,2014,Hydro,12898.53,22802.14,1851645004.44,508144.06,597004.11,409161,0,0.44,67.2
Australia,2014,Solar,48700.98,12732.11,5889484299.55,186022.84,748948.15,77608,1,0.15,96.27
Australia,2014,Solar,76206.44,46159.43,6076505592.02,808446.98,151440.45,773876,0,0.49,78.07
Australia,2014,Solar,1389.69,4162.2,5909664608.02,50329.83,815503.72,110886,0,0.14,57.43
Australia,2014,Wind,40743.29,11055.63,8818253966.4,185881.65,767098.24,544298,0,0.06,68.86
Australia,2015,Biomass,75734.92,18252.54,2285038122.41,990849.36,984861.08,911579,1,0.07,1.83
Australia,2015,Biomass,15042.9,12148.93,9426153985.85,465093.51,627278.82,507812,1,0.17,71.53
Australia,2015,Biomass,30020.93,43196.4,1261608292.78,144516.75,868085.07,624980,1,0.24,93.32
Australia,2015,Geothermal,25269.2,35368.28,1399588080.1,740330.92,695636.7,368843,0,0.16,31.05
Australia,2015,Geothermal,69332.25,37699.56,366394565.41,628757.6,952096.05,376096,0,0.08,68.53
Australia,2015,Geothermal,6728.69,10094.37,5206489652.86,26691.56,719603.84,705866,0,0.2,26.97
Australia,2015,Hydro,89130.98,1410.19,3925354002.3,72325.55,845893.03,332601,0,0.13,98.24
Australia,2015,Hydro,30718.68,9506.24,8396414497.18,836155.14,738853.29,284055,1,0.19,34.63
Australia,2015,Solar,57524.9,19094.69,2979810349.9,995086.0,757429.62,813456,0,0.31,73.89
Australia,2015,Solar,85033.17,42555.23,6527130862.71,518666.66,935349.98,856094,0,0.05,74.34
Australia,2015,Solar,60764.17,42532.6,3858092760.8,340590.51,656115.55,246136,0,0.3,94.68
Australia,2015,Solar,36686.87,6675.53,9199815199.86,795014.3,733414.09,857159,0,0.22,62.94
Australia,2016,Biomass,69389.0,48934.2,9873145735.76,410579.3,928192.22,425355,1,0.45,63.0
Australia,2016,Biomass,58832.12,20646.28,2998789180.02,344152.78,660214.13,850520,1,0.34,87.42
Australia,2016,Biomass,3664.31,14076.03,9435661483.23,402930.48,485251.9,183893,0,0.35,56.27
Australia,2016,Biomass,5815.22,14805.69,5601201685.61,863299.09,174403.93,239166,0,0.16,90.18
Australia,2016,Geothermal,6755.56,29688.15,3273011504.77,422222.01,491653.14,978162,1,0.1,4.31
Australia,2016,Geothermal,22341.33,12648.4,3888844919.02,619026.2,96243.96,615460,0,0.39,64.07
Australia,2016,Hydro,87130.29,11164.11,7596562216.49,228425.62,244237.06,834817,0,0.39,87.7
Australia,2016,Hydro,85207.74,21285.12,8450689086.23,144607.65,278174.52,114184,1,0.38,22.09
Australia,2016,Hydro,61594.52,48167.82,9844826724.65,111826.69,392034.42,330324,1,0.41,15.68
Australia,2016,Solar,23401.02,33118.53,9509207589.37,898583.88,534443.36,479944,0,0.16,80.49
Australia,2016,Solar,13527.05,28020.53,1863720499.47,776339.01,205668.89,307009,0,0.07,89.4
Australia,2016,Wind,4471.17,15483.79,6552339493.42,436654.66,317419.61,249652,0,0.08,38.71
Australia,2017,Biomass,70456.99,40516.72,1909678634.29,129423.39,727158.32,999456,0,0.07,79.71
Australia,2017,Geothermal,1643.9,5007.68,6519987462.29,10188.1,514461.06,250347,0,0.06,88.57
Australia,2017,Geothermal,55443.53,38576.59,4482674197.81,777877.2,273397.83,297450,0,0.47,47.84
Australia,2017,Geothermal,14890.7,29498.09,5410836284.41,346695.82,948507.97,310014,0,0.18,76.98
Australia,2017,Geothermal,78480.74,25389.43,8405769781.21,218933.31,5247.23,976441,0,0.34,61.37
Australia,2017,Geothermal,78743.06,46010.16,522297633.38,122900.8,352037.73,924600,0,0.49,51.97
Australia,2017,Hydro,9454.19,28506.75,5602669394.11,741594.18,69134.26,692114,1,0.41,73.28
Australia,2018,Biomass,66840.33,35745.2,6709843634.81,425925.3,588106.23,879033,0,0.27,21.68
Australia,2018,Biomass,47913.77,32559.55,8964268393.68,401859.51,442266.93,121578,1,0.31,3.62
Australia,2018,Geothermal,42554.21,26656.29,8133366530.94,425120.07,766881.14,994832,0,0.39,72.65
Australia,2018,Geothermal,85016.68,42968.22,9264851813.34,499863.5,787566.51,53772,1,0.06,45.86
Australia,2018,Geothermal,43671.26,15541.76,9224431251.87,393251.4,254059.61,83247,0,0.35,64.77
Australia,2018,Hydro,47184.95,8674.81,2543032969.39,215150.41,439541.11,748049,1,0.48,48.06
Australia,2018,Hydro,14189.01,22826.88,8102407667.71,735457.02,542320.49,728040,1,0.35,74.25
Australia,2018,Hydro,3681.92,39896.8,1988339754.64,473636.44,188660.25,75454,1,0.12,30.1
Australia,2018,Solar,13348.85,739.49,3325289016.06,172939.17,532019.39,194908,0,0.38,87.38
Australia,2018,Wind,44617.09,40684.21,1782731442.61,952018.21,912594.14,985753,1,0.14,90.63
Australia,2019,Biomass,37528.66,47903.97,8092527772.58,370292.76,862599.43,974095,1,0.25,50.56
Australia,2019,Biomass,1862.57,19631.59,2688363372.82,407725.78,841888.43,93612,0,0.41,43.51
Australia,2019,Biomass,76797.47,42958.81,1631608816.39,81217.37,882493.08,503960,0,0.41,30.09
Australia,2019,Biomass,40230.8,7328.73,7324547436.05,35772.1,355589.52,124458,1,0.15,22.24
Australia,2019,Geothermal,69585.5,35043.82,4261572387.7,19442.21,401813.0,771078,1,0.25,29.21
Australia,2019,Hydro,58587.62,1709.84,4475583459.74,154071.14,528466.87,574356,0,0.12,16.64
Australia,2019,Hydro,16747.77,47716.23,6877185475.37,100784.84,702039.18,944115,0,0.27,25.66
Australia,2020,Biomass,64826.38,46372.8,413571722.79,130053.63,978615.5,742292,0,0.47,5.06
Australia,2020,Biomass,40442.64,40010.09,850468873.99,857949.14,908886.66,367533,1,0.39,83.43
Australia,2020,Biomass,14452.19,47219.15,5107292604.95,498159.87,667200.05,148493,1,0.5,13.08
Australia,2020,Biomass,95883.88,39275.5,5965527959.6,565613.07,738292.88,862837,1,0.45,10.1
Australia,2020,Geothermal,3093.39,2696.93,214464465.62,785428.67,473725.31,622463,0,0.16,97.0
Australia,2020,Hydro,3386.12,39711.9,3891812729.53,113964.36,131626.7,18034,0,0.43,49.69
Australia,2020,Hydro,65362.89,1447.62,6541967742.96,272686.05,821284.37,168847,1,0.45,13.68
Australia,2020,Hydro,49566.21,14734.92,7653254567.07,444859.87,401239.76,680475,1,0.18,53.03
Australia,2020,Hydro,94445.94,22767.26,9336505357.55,589447.28,327932.57,804710,1,0.12,85.67
Australia,2020,Solar,57717.43,23810.58,3966065012.85,336285.9,52648.26,518296,1,0.2,42.43
Australia,2020,Wind,86512.48,35970.05,9686082834.63,115806.41,401950.14,14733,0,0.19,86.37
Australia,2020,Wind,69802.37,49704.58,2021269077.94,282084.18,792178.91,703378,1,0.39,79.01
Australia,2020,Wind,35205.87,29966.39,1568387415.22,932155.45,568814.41,328788,0,0.33,38.9
Australia,2020,Wind,29796.18,42999.35,5123814858.65,147282.79,948737.21,255643,1,0.49,29.03
Australia,2020,Wind,64842.97,8474.58,1693257001.48,628460.27,889851.39,792485,1,0.18,98.54
Australia,2021,Biomass,53418.29,44644.33,1210280300.18,119135.91,327075.81,568404,1,0.49,10.94
Australia,2021,Biomass,36098.26,17118.65,8881364675.96,521836.02,650766.08,644658,1,0.43,25.42
Australia,2021,Geothermal,23348.04,48024.42,164313739.94,494266.97,422033.04,777569,1,0.12,27.91
Australia,2021,Geothermal,33894.13,40231.87,1850869429.42,821513.97,674989.6,514984,0,0.49,46.38
Australia,2021,Wind,11047.95,25212.34,9002128295.3,39259.09,648376.58,483046,1,0.44,49.82
Australia,2021,Wind,74291.93,3398.27,7473316465.92,20800.52,225635.09,741764,1,0.49,93.76
Australia,2022,Geothermal,11212.19,18440.65,4054269185.01,155059.09,587784.23,695589,1,0.44,20.82
Australia,2022,Geothermal,53290.47,44041.86,6692235992.99,277708.17,662492.25,758112,1,0.3,94.28
Australia,2022,Geothermal,79039.49,424.66,919814863.7,292245.98,373849.42,996590,1,0.33,69.66
Australia,2022,Hydro,57533.73,36678.03,8401335704.4,426697.42,506124.74,380977,1,0.1,14.28
Australia,2022,Hydro,8718.18,42759.41,2867627937.16,315977.63,634044.75,926727,1,0.26,47.28
Australia,2022,Hydro,49533.55,20949.94,2340720946.69,430017.81,706963.42,439616,0,0.49,45.67
Australia,2022,Solar,35157.96,24901.57,4121673813.46,837920.46,12127.38,121198,0,0.14,94.69
Australia,2023,Biomass,85410.08,23857.83,2167936457.83,24759.85,847735.28,854788,0,0.42,80.54
Australia,2023,Biomass,29220.24,34540.48,5790696717.29,217464.19,205486.87,549671,1,0.11,15.19
Australia,2023,Geothermal,30625.75,31181.48,8733782710.79,500615.64,303974.44,692344,0,0.16,76.26
Australia,2023,Hydro,39560.68,2023.23,3890745910.6,234680.95,509298.6,980158,1,0.21,38.09
Australia,2023,Hydro,47973.05,42703.88,128306528.88,662357.0,620538.22,374322,0,0.3,63.9
Australia,2023,Solar,23915.59,37023.91,7203528004.78,58688.94,95181.29,1641,0,0.06,80.47
Australia,2023,Solar,98842.34,30642.81,2020208839.17,886303.5,953725.38,627849,1,0.3,9.86
Australia,2023,Wind,20227.85,7728.21,702672886.83,735184.52,179152.49,886880,0,0.49,83.16
Australia,2023,Wind,92501.54,6302.24,4431028552.59,191364.83,647883.7,517649,0,0.45,71.01
Australia,2023,Wind,28351.9,42701.98,1777959771.66,701377.33,769847.25,323649,0,0.47,14.59
Brazil,2000,Geothermal,23865.89,7798.08,5074782284.99,175060.75,166137.27,932999,0,0.29,88.66
Brazil,2000,Geothermal,95698.03,20311.15,2291291261.34,600780.53,921443.84,940595,1,0.45,31.57
Brazil,2000,Hydro,52656.46,17809.25,2901947352.72,644569.48,526527.36,979299,0,0.14,86.96
Brazil,2000,Hydro,42664.09,25558.67,8940697480.37,979704.39,644001.0,610640,1,0.27,1.88
Brazil,2000,Hydro,7654.02,37439.17,4537148938.88,779946.58,284094.77,821307,0,0.41,47.44
Brazil,2000,Solar,26661.33,4488.65,9686216380.52,10968.35,145101.37,592586,0,0.07,22.3
Brazil,2001,Biomass,80428.64,44468.61,6583208941.25,689014.09,729728.92,994319,0,0.42,64.89
Brazil,2001,Geothermal,8222.95,40342.41,8640719635.35,183942.05,535058.7,973000,1,0.28,84.92
Brazil,2001,Hydro,17924.27,34843.92,6838006888.95,788275.52,149997.8,698208,1,0.49,58.49
Brazil,2001,Hydro,67157.94,29081.1,2679124828.82,602527.02,298718.72,138975,1,0.34,50.61
Brazil,2001,Hydro,17518.46,38451.65,6971347309.3,669180.22,74949.85,9545,0,0.31,99.57
Brazil,2001,Solar,13819.2,17762.33,3227848970.72,997532.26,420644.32,196095,1,0.42,23.62
Brazil,2001,Wind,56404.93,19590.36,6949496692.55,669759.05,538398.67,185446,0,0.06,35.0
Brazil,2001,Wind,8742.3,10511.08,8526303186.51,174441.32,991171.8,375405,1,0.14,23.21
Brazil,2002,Biomass,28232.46,23609.6,3265992211.26,153103.53,220744.14,31171,1,0.43,81.49
Brazil,2002,Biomass,96382.51,6974.95,6139686551.55,613226.47,342717.52,813169,0,0.17,27.07
Brazil,2002,Biomass,84337.0,2772.49,1605821364.18,995438.12,957456.42,726831,1,0.23,39.02
Brazil,2002,Biomass,57269.4,9007.12,7093886231.76,502751.58,296849.17,703684,0,0.48,13.5
Brazil,2002,Geothermal,46316.93,37230.79,9865520117.69,638601.87,346768.09,634347,0,0.35,43.61
Brazil,2002,Geothermal,21058.63,47801.38,9883954679.12,316761.93,595164.03,951580,0,0.36,12.73
Brazil,2002,Geothermal,55519.39,33381.46,9490944044.99,529544.05,759655.0,61778,1,0.43,20.61
Brazil,2002,Geothermal,55203.01,34397.78,7285768633.25,420210.27,458524.3,944071,1,0.17,21.08
Brazil,2002,Hydro,85604.5,42140.89,7094224279.97,450995.6,556819.28,106909,0,0.31,54.42
Brazil,2002,Wind,7848.32,35570.69,9938619520.34,59701.94,196744.24,958210,0,0.08,5.99
Brazil,2002,Wind,63914.5,23576.93,3235167750.05,202767.15,357549.24,998387,0,0.26,36.67
Brazil,2002,Wind,10442.74,13313.36,5991604669.22,551527.13,256602.08,559156,0,0.16,78.29
Brazil,2002,Wind,44390.51,20046.89,7145082698.24,16594.93,127174.5,984345,0,0.22,54.37
Brazil,2003,Geothermal,53770.45,34773.45,2510469127.53,269717.77,408105.28,895867,0,0.36,68.45
Brazil,2003,Geothermal,82813.25,47693.02,2257208378.9,32428.2,91296.99,706968,0,0.41,54.54
Brazil,2003,Geothermal,59901.63,40913.13,252286533.51,317172.5,468936.05,944522,0,0.07,47.91
Brazil,2003,Hydro,11294.8,14928.68,256327184.22,168445.65,503157.48,277811,0,0.31,63.57
Brazil,2003,Hydro,51052.27,10628.04,7418899607.01,146434.58,254555.07,611325,1,0.21,13.65
Brazil,2003,Solar,68572.03,23921.75,9916333642.98,733036.02,166609.61,967260,0,0.12,4.35
Brazil,2003,Solar,53827.58,10958.81,2532755235.67,841543.7,436592.97,683046,1,0.48,3.9
Brazil,2003,Wind,3703.09,38991.25,942894612.32,488550.6,714070.03,506663,0,0.27,28.62
Brazil,2004,Biomass,58619.14,31510.5,452460659.81,716784.82,970545.52,263880,0,0.46,23.28
Brazil,2004,Geothermal,92392.05,1451.96,2450100983.44,228345.03,815109.12,460132,0,0.44,63.1
Brazil,2004,Geothermal,24200.61,30679.94,7952421554.96,673852.33,51108.56,993309,1,0.17,13.05
Brazil,2004,Hydro,88677.42,25670.05,8204464276.59,60503.83,522711.06,888133,0,0.31,51.37
Brazil,2004,Hydro,28573.59,21794.15,3050742511.58,344720.03,400566.76,417499,0,0.31,23.86
Brazil,2004,Solar,26529.58,40998.85,4992612070.17,413541.35,778010.33,849162,1,0.06,3.8
Brazil,2004,Wind,86680.65,37880.14,923221635.74,247079.99,335513.68,740381,0,0.09,91.04
Brazil,2005,Biomass,74453.15,32847.14,1179275574.25,328761.27,636911.33,84867,0,0.35,15.27
Brazil,2005,Biomass,47113.78,36048.47,6788030203.93,396870.95,326223.65,707762,0,0.23,24.91
Brazil,2005,Biomass,44935.55,35027.95,3049851131.2,189870.89,795933.37,232704,0,0.12,68.09
Brazil,2005,Geothermal,36779.21,34042.98,4585746078.82,694173.93,634514.8,505600,0,0.21,36.55
Brazil,2005,Geothermal,53479.71,47623.52,2874864322.64,791156.36,158759.69,102494,0,0.16,65.08
Brazil,2005,Hydro,19448.51,12375.57,3985730793.71,774382.63,244533.49,661360,1,0.49,10.64
Brazil,2005,Solar,44304.05,40078.67,5028950441.07,525393.43,922627.42,375648,0,0.48,13.32
Brazil,2005,Solar,78918.09,7811.14,8198410379.22,623663.54,611505.13,333720,0,0.08,44.9
Brazil,2005,Solar,48896.51,9955.95,9790505017.12,612047.02,982563.96,830436,0,0.4,92.61
Brazil,2005,Wind,61773.42,30139.48,7812266383.76,231578.12,963457.77,684179,0,0.16,58.69
Brazil,2005,Wind,96698.76,2452.55,1157330076.21,836828.27,955670.88,652201,0,0.43,31.03
Brazil,2005,Wind,16992.36,8924.17,1776093448.42,51457.97,375307.55,48658,0,0.39,46.08
Brazil,2005,Wind,30711.83,29570.44,2974690607.96,164578.44,802004.72,893354,0,0.08,59.48
Brazil,2006,Geothermal,93695.64,48813.42,4512530779.34,482295.77,565741.54,407162,1,0.39,5.2
Brazil,2006,Geothermal,65487.01,24451.15,3593836745.55,520622.53,752942.71,563923,1,0.12,52.52
Brazil,2006,Geothermal,36986.36,25408.74,1812279127.44,79242.12,746922.26,535864,1,0.06,12.9
Brazil,2006,Hydro,35633.4,494.91,5434731787.08,59710.53,626846.72,376289,1,0.07,98.07
Brazil,2006,Hydro,30432.67,35180.43,2721380251.61,430145.92,249423.39,917437,1,0.27,65.96
Brazil,2006,Solar,18920.57,3391.26,1802571791.46,10294.9,427607.35,349433,0,0.19,3.84
Brazil,2006,Solar,78745.14,18900.2,1111976749.26,623308.4,740088.44,950409,1,0.1,3.51
Brazil,2006,Solar,52145.38,12496.78,6970925160.73,972599.9,556939.46,963193,0,0.49,66.22
Brazil,2006,Solar,32571.95,16543.16,3624642722.53,761886.18,792480.74,89540,0,0.14,90.39
Brazil,2007,Biomass,41400.85,6130.99,264452109.91,579392.99,87504.95,771649,0,0.12,80.74
Brazil,2007,Biomass,13367.78,26336.34,1983818321.7,47406.61,553351.59,155235,0,0.15,86.56
Brazil,2007,Geothermal,75518.89,44242.37,8424385584.19,568401.34,561938.19,921467,0,0.36,91.78
Brazil,2007,Geothermal,40944.04,35564.04,6058731810.52,716813.07,908101.86,662607,1,0.49,46.8
Brazil,2007,Geothermal,88663.51,27055.76,8237641690.64,443411.66,503667.9,878142,0,0.39,6.26
Brazil,2007,Hydro,67154.51,10969.0,8909832362.17,170187.32,559593.76,480065,1,0.08,27.81
Brazil,2007,Solar,46602.62,26284.75,1348425993.64,424380.05,322712.13,794572,1,0.2,72.37
Brazil,2007,Solar,87198.46,18453.46,7428071183.37,260276.36,531034.12,329297,0,0.29,84.47
Brazil,2007,Wind,6960.23,2283.06,4597333338.76,622105.49,230942.97,153607,1,0.43,27.31
Brazil,2007,Wind,41892.15,41238.43,8308637510.21,700449.16,390255.13,670598,0,0.41,83.26
Brazil,2007,Wind,37062.68,42689.55,4088798393.57,167512.13,883023.83,683380,1,0.3,44.12
Brazil,2008,Geothermal,48425.02,45391.26,6047810661.22,684878.76,277043.8,570422,1,0.26,10.32
Brazil,2008,Geothermal,73809.6,41847.51,6542457143.87,515734.08,130592.57,814574,1,0.28,6.68
Brazil,2008,Geothermal,69010.97,9167.39,8376495607.47,750518.71,80439.92,217409,0,0.07,3.19
Brazil,2008,Geothermal,70460.35,5557.2,1713613320.31,533330.99,273477.62,274745,0,0.41,26.32
Brazil,2008,Hydro,91478.0,43518.35,658230255.09,950485.79,187395.97,895103,1,0.39,73.79
Brazil,2008,Hydro,24070.88,26341.23,6941781645.37,81879.22,592407.79,374217,1,0.06,96.26
Brazil,2008,Hydro,67591.11,37324.7,2995644722.79,491047.44,818182.31,836476,0,0.36,27.11
Brazil,2008,Hydro,9890.18,352.99,3345029302.72,787877.0,323151.4,43167,0,0.08,50.99
Brazil,2008,Solar,57639.97,33413.26,1764107043.66,81797.92,874554.4,577974,1,0.17,37.33
Brazil,2008,Wind,4252.71,26479.59,7333955868.1,982035.05,674264.44,561637,1,0.39,54.42
Brazil,2009,Biomass,85032.38,18363.02,8518900459.38,4821.5,807995.89,477117,1,0.23,67.32
Brazil,2009,Biomass,57512.66,27822.98,5664212576.53,443916.26,425759.14,170352,1,0.38,76.74
Brazil,2009,Biomass,17685.68,47740.62,4923193743.95,285582.85,249307.99,903946,1,0.19,76.52
Brazil,2009,Biomass,8333.68,16193.96,8471398785.04,238652.84,817993.64,388800,0,0.28,48.82
Brazil,2009,Hydro,1597.43,42998.4,2312079745.53,394643.71,876145.12,304528,0,0.46,5.51
Brazil,2009,Hydro,93750.07,45073.42,4961476921.7,23497.78,362771.13,149460,1,0.48,96.38
Brazil,2009,Hydro,48868.06,13988.43,1525915769.96,3062.0,521550.65,957804,1,0.41,82.0
Brazil,2009,Solar,1087.25,30299.41,4686346730.35,940709.33,548844.52,433483,0,0.07,36.86
Brazil,2009,Wind,40115.98,47489.51,5318695751.09,136797.76,487181.08,544673,0,0.44,63.79
Brazil,2010,Biomass,86129.3,2110.37,6579497601.04,864854.08,748869.22,291088,0,0.15,58.01
Brazil,2010,Geothermal,43718.3,25083.14,541778914.36,44820.42,176660.53,870049,0,0.25,7.93
Brazil,2010,Geothermal,42601.56,45364.87,8649343293.2,498035.15,640878.63,38432,1,0.36,72.11
Brazil,2010,Geothermal,36591.75,49770.57,3602067603.89,576032.62,728585.26,213528,0,0.13,86.31
Brazil,2010,Hydro,5032.91,41838.14,7603050059.86,144439.18,570749.73,767021,1,0.46,19.29
Brazil,2010,Hydro,65228.73,24657.93,6175086866.49,178042.32,678033.25,928160,1,0.25,25.48
Brazil,2010,Solar,39491.79,14223.86,1472171372.26,290910.89,369447.56,884874,0,0.44,32.27
Brazil,2010,Solar,78352.86,4964.02,7929218442.44,953471.52,750149.39,778414,1,0.12,35.86
Brazil,2010,Solar,46341.1,8919.45,8050646941.32,276630.58,176705.82,963967,1,0.29,28.29
Brazil,2010,Solar,20829.13,5541.27,2515442675.92,140912.13,998758.16,968401,1,0.47,35.6
Brazil,2010,Wind,68441.63,10064.7,5947625011.91,695091.56,774238.9,26872,1,0.17,49.69
Brazil,2011,Biomass,89139.47,48074.89,820830988.95,460307.36,361835.91,239956,0,0.42,23.72
Brazil,2011,Biomass,90955.73,14542.88,5086556150.39,797559.09,543993.06,612952,0,0.12,42.71
Brazil,2011,Geothermal,29395.7,30365.2,3917725583.61,567107.75,699820.7,168522,0,0.05,73.78
Brazil,2011,Geothermal,29629.59,17820.33,6459795591.78,456639.86,23531.26,136143,1,0.06,31.49
Brazil,2011,Hydro,10720.92,34229.41,7904575440.31,850062.77,266731.48,505457,1,0.33,69.98
Brazil,2011,Hydro,65857.94,12528.94,2592399772.11,582913.93,191569.44,628504,0,0.38,56.56
Brazil,2011,Solar,25460.77,17997.21,801360121.62,330583.69,61208.62,421736,1,0.36,8.75
Brazil,2011,Solar,37185.69,5972.32,1755931779.59,412859.75,154290.2,938760,1,0.33,32.85
Brazil,2011,Solar,42401.95,41722.03,6184476843.54,904734.19,986189.99,322965,1,0.47,61.22
Brazil,2011,Solar,57369.7,9832.42,8157508078.09,888904.14,71384.68,373592,0,0.41,82.52
Brazil,2011,Solar,88354.1,20409.94,4007420222.52,851434.89,439657.78,700986,0,0.12,24.09
Brazil,2012,Geothermal,69889.31,30799.25,7969501007.91,907813.42,336314.92,292910,0,0.13,53.81
Brazil,2012,Hydro,69227.31,20616.88,834828340.65,231517.59,682154.51,629617,0,0.48,85.21
Brazil,2012,Solar,54503.5,16612.84,1809760033.2,435798.13,884373.21,172260,1,0.39,58.34
Brazil,2012,Wind,49778.16,15586.84,1196236036.31,156485.61,993987.81,947071,1,0.07,17.04
Brazil,2012,Wind,13751.25,27874.62,2901030007.89,530528.75,299589.95,63862,0,0.09,56.12
Brazil,2012,Wind,4582.42,5085.72,291987332.55,979897.03,887323.53,107847,1,0.29,92.95
Brazil,2012,Wind,30318.89,28509.43,2331416295.61,132903.61,526533.29,280189,1,0.24,69.05
Brazil,2013,Biomass,62021.87,16904.61,3536375759.37,610109.41,174830.93,512808,0,0.18,48.48
Brazil,2013,Biomass,95657.62,10356.08,7433758122.96,713121.68,649198.69,547513,0,0.45,72.31
Brazil,2013,Geothermal,64599.02,16917.45,5434047685.0,388496.36,444733.93,896462,1,0.32,33.35
Brazil,2013,Solar,53435.78,47187.33,6427379207.97,808240.98,135657.65,510797,1,0.34,16.12
Brazil,2013,Wind,1577.99,664.84,2494594851.06,109005.17,624919.16,306378,0,0.11,62.58
Brazil,2013,Wind,32109.75,18705.44,6316313424.38,256900.92,445459.67,117852,1,0.26,80.65
Brazil,2013,Wind,80452.61,49354.74,4651722228.72,481473.09,220152.37,141078,0,0.38,63.7
Brazil,2013,Wind,15072.27,23304.81,915602261.92,931426.17,692331.6,433967,0,0.27,41.59
Brazil,2013,Wind,74901.76,16277.66,6485186265.81,313914.71,475550.29,870866,0,0.06,91.87
Brazil,2014,Biomass,72789.84,41740.26,8874341553.33,964695.08,399524.74,327567,1,0.06,8.65
Brazil,2014,Biomass,54146.65,20892.23,7189353420.01,351554.92,8287.01,533072,0,0.21,72.8
Brazil,2014,Biomass,9459.5,47897.58,2644216769.66,34123.96,736621.94,642325,0,0.11,99.63
Brazil,2014,Biomass,2839.82,45329.68,8230985547.63,329027.12,679501.71,382488,1,0.37,72.37
Brazil,2014,Geothermal,13777.46,44667.43,6921316728.32,182901.76,257436.8,236999,1,0.45,72.21
Brazil,2014,Geothermal,45150.5,26085.63,8511765369.38,398191.29,117871.2,496968,1,0.48,24.21
Brazil,2014,Geothermal,86339.23,33938.68,9573078871.9,658923.42,327958.06,585530,1,0.1,29.48
Brazil,2014,Geothermal,49240.84,4468.18,9643551422.86,352828.72,701711.39,538616,1,0.47,71.95
Brazil,2014,Hydro,42806.96,34783.03,5608002169.92,899008.7,587611.74,5188,1,0.32,91.99
Brazil,2014,Solar,39272.26,36977.65,2257993386.19,14386.15,657329.33,346751,1,0.17,80.92
Brazil,2014,Solar,46653.44,12335.58,3171625069.55,123588.14,803713.47,979070,0,0.2,46.55
Brazil,2014,Wind,28225.77,26266.4,2253835181.22,804317.04,878066.89,645489,1,0.28,82.85
Brazil,2014,Wind,45406.46,36970.05,8276032232.51,115096.15,787673.85,841940,1,0.49,49.71
Brazil,2015,Biomass,10669.52,38050.95,6289026706.8,222771.68,133300.67,738150,0,0.2,53.91
Brazil,2015,Biomass,14376.03,4757.02,3157226870.43,339660.08,575363.42,865914,1,0.32,29.41
Brazil,2015,Biomass,34358.5,46617.66,8359835166.46,411996.22,247610.2,556002,1,0.34,48.35
Brazil,2015,Geothermal,47341.46,32522.69,5757289006.15,898288.51,270336.7,76403,0,0.11,86.63
Brazil,2015,Geothermal,44638.02,11065.55,3734797372.13,225499.5,62489.19,675982,0,0.24,21.76
Brazil,2015,Hydro,89157.12,38813.15,3539832024.01,535211.76,382920.92,534049,1,0.14,12.6
Brazil,2015,Hydro,93342.97,16942.28,7906061548.3,287778.52,41268.68,245672,1,0.39,13.99
Brazil,2015,Hydro,25015.99,22730.43,55932250.18,226284.33,618954.68,454802,0,0.22,6.73
Brazil,2015,Hydro,10591.6,4616.42,8251695360.03,221765.55,734014.1,540297,0,0.32,21.8
Brazil,2015,Hydro,33659.61,47839.31,5758900688.53,459459.21,389927.14,938676,0,0.06,19.36
Brazil,2015,Hydro,65451.07,23765.0,4642374521.55,727225.77,862409.16,354218,1,0.13,54.73
Brazil,2016,Biomass,68441.05,27829.27,8746849605.36,240893.56,525140.77,46485,1,0.49,27.56
Brazil,2016,Biomass,98689.07,31087.76,8390698081.94,550922.87,19246.02,34824,1,0.19,10.68
Brazil,2016,Geothermal,61588.05,32825.96,3564491232.54,250183.82,254208.42,461467,1,0.19,20.16
Brazil,2016,Geothermal,18045.84,21697.6,6124792297.67,999618.51,689348.74,376214,1,0.12,25.87
Brazil,2016,Geothermal,1330.58,48217.88,333247103.99,634550.62,144728.66,845074,0,0.23,96.48
Brazil,2016,Hydro,58812.68,17326.15,9390058425.0,542783.15,143114.06,582736,0,0.34,20.06
Brazil,2016,Solar,89553.35,5021.22,230691116.53,755329.78,764702.08,90157,1,0.12,83.43
Brazil,2016,Solar,93966.49,18338.7,8373955402.0,211394.57,603273.24,566172,1,0.12,65.34
Brazil,2016,Solar,30599.48,22363.98,7308135414.28,24504.18,73937.09,196925,1,0.44,33.91
Brazil,2016,Solar,88670.3,23352.27,4242187524.98,971545.23,823492.56,208770,1,0.07,15.67
Brazil,2016,Wind,95393.82,5312.37,2904159197.09,733375.92,874077.06,586828,1,0.09,14.8
Brazil,2016,Wind,20002.3,35888.95,3311385165.11,307257.11,92752.16,413031,1,0.07,23.25
Brazil,2017,Geothermal,13680.99,1494.78,8076873410.65,669437.36,353261.79,479946,1,0.33,29.64
Brazil,2017,Geothermal,72351.04,49939.8,5674979286.76,708950.18,805150.17,349975,0,0.09,82.49
Brazil,2017,Geothermal,59350.32,13730.33,9742532681.62,170177.63,618544.93,174390,0,0.21,38.28
Brazil,2017,Geothermal,12724.65,3332.06,4714850721.73,835387.86,177012.17,759033,0,0.13,26.14
Brazil,2017,Geothermal,93332.6,7175.18,6159300988.17,29055.6,315606.51,809956,0,0.26,37.43
Brazil,2017,Geothermal,55489.54,29313.01,2705356816.51,653481.24,308390.91,404856,0,0.39,27.62
Brazil,2017,Solar,99861.15,1952.9,1046081215.86,335391.3,672325.12,105895,0,0.17,41.57
Brazil,2017,Solar,17077.17,2247.49,2631362443.63,42222.48,84013.6,386952,0,0.44,57.95
Brazil,2017,Solar,70014.14,2742.02,7421727206.23,574143.06,166604.05,546706,1,0.15,49.47
Brazil,2017,Solar,60089.0,10126.29,1853647965.27,104279.75,256077.55,972350,1,0.25,38.53
Brazil,2017,Solar,56296.69,3082.16,3554187944.31,906910.21,604168.57,398508,0,0.08,54.05
Brazil,2017,Solar,26692.34,15439.17,5621561057.92,744542.18,798888.91,403406,1,0.3,10.52
Brazil,2018,Biomass,21060.24,14329.95,6515294986.7,221489.89,742278.73,178873,0,0.29,61.42
Brazil,2018,Geothermal,86216.35,25971.3,9885849174.3,78279.87,259841.02,428919,1,0.34,1.28
Brazil,2018,Hydro,67246.29,6980.82,221727721.1,58439.43,349780.96,799927,0,0.47,20.12
Brazil,2018,Hydro,39347.6,17632.02,1944519746.59,803678.9,871999.23,394802,1,0.41,25.27
Brazil,2018,Hydro,67516.68,6348.2,3284621453.96,641715.25,631303.65,477543,0,0.47,82.37
Brazil,2018,Hydro,42075.6,30012.18,8240566549.1,503861.98,119635.15,87607,0,0.24,13.58
Brazil,2018,Hydro,97737.04,43126.24,6430971433.66,835039.29,737678.62,217950,1,0.14,90.05
Brazil,2018,Solar,35462.43,49391.91,1059503346.42,301718.28,987754.61,438215,1,0.23,44.03
Brazil,2018,Solar,96473.21,47469.5,5335038444.95,350922.36,541005.2,946379,1,0.29,94.37
Brazil,2018,Wind,29374.43,25633.35,2905409782.39,924878.13,297600.59,314880,0,0.24,63.09
Brazil,2018,Wind,92371.73,37277.33,6445232491.21,801331.43,383550.13,508432,0,0.38,79.61
Brazil,2019,Geothermal,51702.32,46102.99,5951984920.07,22510.62,96715.07,401010,1,0.36,63.3
Brazil,2019,Geothermal,92311.36,40956.64,7269310708.96,639123.76,582103.37,451254,1,0.34,75.26
Brazil,2019,Geothermal,75948.24,32179.15,2152816476.38,278343.21,227154.41,980752,0,0.21,48.86
Brazil,2019,Hydro,76528.58,10670.04,9666198521.83,521615.06,885174.09,193814,0,0.18,95.2
Brazil,2019,Hydro,57680.76,11567.1,3054934449.9,112386.22,18326.62,530583,1,0.25,31.55
Brazil,2019,Hydro,88033.36,10867.73,1299737143.49,954862.98,671643.56,453372,1,0.28,21.23
Brazil,2019,Hydro,2625.71,32953.75,2285926538.49,569880.72,970947.44,141654,0,0.14,59.99
Brazil,2019,Solar,11755.57,33452.14,4147890343.09,615252.26,308421.7,386025,1,0.37,28.98
Brazil,2019,Solar,72549.65,8760.86,4826658288.7,311075.94,89833.08,392656,0,0.44,30.16
Brazil,2019,Wind,87601.39,29204.01,3436930924.35,221042.93,324393.77,434257,1,0.31,90.92
Brazil,2019,Wind,95716.17,14086.67,9931795984.08,714069.27,467545.29,834165,0,0.31,10.13
Brazil,2020,Biomass,27701.47,19557.68,4656705093.98,285088.23,288363.19,296307,1,0.09,2.2
Brazil,2020,Biomass,5841.98,46954.82,3256124411.86,385900.75,494085.72,550398,1,0.41,52.23
Brazil,2020,Biomass,73214.78,49151.78,5162597115.23,219194.84,37252.98,110077,1,0.44,22.14
Brazil,2020,Geothermal,30884.05,39759.48,5967054893.27,940010.01,591172.42,147687,1,0.09,34.79
Brazil,2020,Geothermal,22757.74,4911.02,1840409666.64,790259.06,914196.86,933849,0,0.18,15.07
Brazil,2020,Solar,34994.22,11304.33,4535036887.87,87499.8,454165.29,550007,1,0.27,23.28
Brazil,2020,Solar,24709.24,26328.91,8745573468.52,899278.6,921868.92,263581,1,0.27,54.34
Brazil,2020,Solar,79871.41,42521.69,6370677067.49,884349.09,662675.11,746811,0,0.23,85.92
Brazil,2020,Wind,56184.81,14360.44,8954228687.67,523510.67,94519.39,912777,0,0.41,41.71
Brazil,2020,Wind,9687.8,45608.49,7041811959.97,483598.01,988003.66,107702,1,0.47,27.91
Brazil,2021,Biomass,4433.28,1446.29,1212656772.15,741093.89,732723.17,823886,1,0.42,50.73
Brazil,2021,Biomass,5998.38,41219.55,2597606988.24,169102.58,170014.74,667563,0,0.23,87.18
Brazil,2021,Biomass,17497.47,9131.63,7780287982.3,917084.07,489609.08,685819,0,0.33,67.38
Brazil,2021,Geothermal,76496.98,25607.26,6551275132.92,644945.26,251025.32,347941,1,0.49,63.93
Brazil,2021,Geothermal,54617.04,17745.32,4849633995.59,660662.73,342815.07,872480,1,0.19,72.49
Brazil,2021,Geothermal,40833.76,11419.21,7178237068.67,297152.28,932923.12,781808,0,0.33,41.75
Brazil,2021,Hydro,7936.77,37058.93,6278868135.43,412970.04,340999.8,12733,0,0.32,88.69
Brazil,2021,Hydro,53794.43,43037.14,5304281705.09,152046.56,141380.59,206139,1,0.28,20.82
Brazil,2021,Hydro,7700.45,44958.43,1521807790.96,771159.35,229890.04,366195,0,0.44,22.64
Brazil,2021,Solar,35411.03,27185.15,7628077896.41,497746.6,95906.85,458249,1,0.31,76.47
Brazil,2021,Solar,21960.25,42966.91,5342379913.21,838710.88,521805.16,978174,0,0.13,23.71
Brazil,2021,Wind,65291.97,12989.18,2191982611.12,468878.69,667967.88,381040,1,0.05,84.45
Brazil,2022,Biomass,89223.0,6171.98,246120578.48,992224.98,99777.84,306667,0,0.42,52.68
Brazil,2022,Biomass,82455.28,30598.9,1393764777.01,596319.08,684604.91,888641,1,0.49,86.35
Brazil,2022,Geothermal,63860.07,9492.62,3763076627.75,248430.67,887596.23,598652,0,0.44,20.92
Brazil,2022,Geothermal,93433.78,16438.63,5095364540.2,111650.02,96755.64,652666,0,0.15,10.91
Brazil,2022,Geothermal,59332.83,39833.65,7048896999.05,528754.38,142034.65,626358,0,0.39,54.29
Brazil,2022,Solar,11615.99,13704.28,7371028189.22,528470.85,722437.32,158981,1,0.08,44.53
Brazil,2022,Solar,30712.44,29702.99,6072266474.23,168314.64,153973.1,782667,0,0.3,9.17
Brazil,2022,Wind,6825.25,28271.81,5920829809.47,359720.49,586018.41,783133,0,0.07,84.79
Brazil,2022,Wind,27852.9,10680.15,292426600.07,167928.08,427594.15,115467,0,0.44,16.14
Brazil,2022,Wind,82824.77,38485.14,4219446830.11,486436.76,167158.75,685182,1,0.28,3.3
Brazil,2023,Geothermal,92176.15,28664.93,3289544014.02,795919.8,474522.83,440986,0,0.29,42.74
Brazil,2023,Geothermal,66411.38,23877.16,439682120.39,179056.68,503536.67,500685,1,0.44,21.68
Brazil,2023,Hydro,90384.33,31847.37,1682133513.16,759581.97,346001.96,349738,1,0.34,51.62
Brazil,2023,Hydro,84713.49,32741.48,4086542737.36,389038.22,705527.4,884792,1,0.41,4.4
Brazil,2023,Hydro,10977.65,49942.79,6813506981.75,970601.13,289797.71,117600,1,0.41,67.28
Brazil,2023,Solar,32625.92,21359.99,5192008995.21,204060.97,602622.74,312152,0,0.13,45.02
Brazil,2023,Solar,34169.73,44991.68,4772726191.13,533380.79,376463.41,491734,1,0.48,57.57
Brazil,2023,Wind,47392.77,27944.25,3582928191.97,494158.28,322852.78,815255,0,0.26,10.49
Brazil,2023,Wind,32616.54,20957.11,7315962388.11,571805.47,386327.48,755042,0,0.21,20.7
Brazil,2023,Wind,21554.9,47817.36,5906474965.69,770756.67,118400.67,546850,1,0.11,3.84
Canada,2000,Biomass,68311.05,10977.91,9991732664.87,314518.04,394889.85,346270,1,0.32,90.03
Canada,2000,Biomass,85881.69,37279.47,4672262610.4,932990.68,688323.96,415932,1,0.22,42.45
Canada,2000,Geothermal,80109.61,42945.77,8243155423.03,202003.72,453053.18,730724,0,0.24,48.03
Canada,2000,Solar,80009.99,15267.41,5406475058.13,402769.45,768542.75,600852,0,0.27,15.21
Canada,2000,Wind,48338.85,15452.69,9998292119.07,302867.89,709200.05,669198,0,0.26,95.27
Canada,2000,Wind,83527.46,8560.01,6280398636.26,741473.6,257133.19,731453,0,0.23,57.3
Canada,2001,Biomass,3752.61,32918.72,6660268543.57,831457.1,420252.5,760656,1,0.14,83.55
Canada,2001,Biomass,56026.06,12690.14,1168949675.22,81904.18,926740.55,337603,1,0.35,95.25
Canada,2001,Geothermal,51201.06,882.97,7204146023.37,99466.53,624846.6,625790,1,0.31,73.86
Canada,2001,Geothermal,53798.34,43862.57,6585022680.21,833420.72,127333.4,598760,1,0.12,48.38
Canada,2001,Geothermal,17309.16,4438.38,4614220683.77,487211.9,505760.57,790706,0,0.15,8.88
Canada,2001,Geothermal,5567.9,22212.57,3902342295.71,603803.27,684411.5,890445,0,0.11,20.07
Canada,2001,Geothermal,50233.58,25711.48,9130709203.25,184981.53,884756.74,780420,1,0.1,90.85
Canada,2001,Hydro,55890.88,519.03,1490352993.03,68134.6,618466.94,512954,0,0.17,26.98
Canada,2001,Hydro,30365.3,32830.33,7606809381.17,244809.93,878992.77,319632,1,0.33,23.21
Canada,2001,Hydro,39751.03,7594.17,7253511289.95,540816.29,244784.04,849390,0,0.12,57.81
Canada,2001,Hydro,68887.01,22179.17,6084055453.59,588061.36,908789.35,507574,0,0.11,58.46
Canada,2001,Hydro,97373.17,44372.67,299563807.5,78129.66,238377.64,655390,0,0.32,30.07
Canada,2001,Solar,11335.78,12837.48,5538384160.35,362225.71,411997.34,242293,1,0.25,36.58
Canada,2001,Solar,30034.83,34570.97,5479455472.91,577281.53,814577.78,528148,0,0.34,27.49
Canada,2001,Solar,29502.48,23787.94,5886949371.73,792308.34,673797.66,545038,1,0.16,24.3
Canada,2001,Solar,2224.5,766.15,5771749031.66,694382.9,154304.64,974515,1,0.21,62.4
Canada,2001,Wind,59686.84,18803.9,6781288344.55,148414.57,211466.45,680134,0,0.25,39.39
Canada,2001,Wind,90637.02,21974.24,4624372443.93,356924.26,950213.9,567717,0,0.36,61.02
Canada,2001,Wind,45887.19,35550.55,8428212469.42,120662.95,792112.11,785839,0,0.24,2.2
Canada,2002,Biomass,75454.52,3755.72,2087846540.36,369672.7,137600.16,3191,0,0.05,91.29
Canada,2002,Biomass,94188.85,14510.64,3138388128.13,499204.5,343486.5,263842,0,0.31,31.36
Canada,2002,Biomass,33167.62,29777.59,3975338216.16,704480.51,594630.85,161432,0,0.25,10.52
Canada,2002,Geothermal,96663.09,28077.8,494425759.44,143007.36,518965.61,826255,1,0.16,77.5
Canada,2002,Geothermal,34649.23,39468.33,3479280461.2,344744.28,437051.08,630218,1,0.49,13.57
Canada,2002,Hydro,41231.83,9191.45,8936464531.72,201708.98,888831.41,152246,0,0.4,51.45
Canada,2002,Hydro,7237.33,6424.02,308524799.8,791495.95,779746.63,795392,0,0.4,80.12
Canada,2002,Solar,60370.76,18202.62,2494315117.02,854655.3,319139.52,531757,1,0.45,3.47
Canada,2002,Solar,86377.61,7766.35,9334785343.6,334341.93,470240.23,684617,1,0.49,85.68
Canada,2002,Wind,57780.1,22408.24,2810623523.56,364330.1,146833.08,938728,1,0.3,55.02
Canada,2002,Wind,56286.24,2227.73,9723321126.96,899852.62,178032.54,781256,0,0.12,59.81
Canada,2002,Wind,19363.09,3316.73,3846614710.49,820594.74,695809.51,322191,1,0.13,8.51
Canada,2003,Biomass,43566.08,10351.82,3695058488.44,28821.71,244918.24,588654,1,0.41,13.77
Canada,2003,Biomass,94354.63,22974.26,761229339.08,144218.78,929984.92,902309,0,0.14,25.61
Canada,2003,Geothermal,6652.72,34393.0,9954945407.58,840451.3,160633.0,276684,0,0.33,43.04
Canada,2003,Hydro,41670.24,4108.38,1014525794.65,498778.39,847249.87,124945,0,0.47,57.06
Canada,2003,Solar,31930.22,38822.18,828909331.92,64167.76,348264.42,796639,0,0.26,69.96
Canada,2003,Solar,10733.85,34051.3,9901486912.87,516308.26,249320.13,86747,0,0.36,77.69
Canada,2003,Solar,49274.88,1398.87,4427219726.95,919042.33,36182.13,388303,0,0.16,73.74
Canada,2003,Solar,25018.14,20560.91,9945499068.07,796001.34,585705.53,861030,1,0.29,33.18
Canada,2003,Solar,16066.66,15333.81,9361396770.3,335788.0,518107.54,399077,1,0.07,10.11
Canada,2004,Geothermal,45024.39,27487.72,2239056591.06,986204.32,56133.07,661078,1,0.37,22.33
Canada,2004,Geothermal,70308.74,9897.99,1694419770.08,793243.91,767987.96,37127,0,0.32,18.84
Canada,2004,Geothermal,67528.0,48255.35,2687979959.81,386513.17,996523.09,622636,0,0.23,9.05
Canada,2004,Hydro,3238.99,12509.13,3332407976.57,903112.35,721910.7,571986,1,0.16,27.8
Canada,2004,Hydro,36362.11,19440.86,317665305.31,984409.26,896348.91,227823,1,0.27,17.41
Canada,2004,Solar,39231.08,3506.43,7419013748.35,11156.78,226615.49,254576,1,0.29,16.86
Canada,2004,Solar,7406.91,46665.8,3203470224.7,18823.41,891348.92,225315,1,0.47,77.53
Canada,2004,Wind,72411.58,15018.28,6096467846.85,156363.95,178032.8,211404,1,0.12,43.45
Canada,2004,Wind,43857.65,36479.0,1324296796.88,490480.53,170889.08,721335,0,0.44,84.69
Canada,2004,Wind,17465.24,47051.22,3800845362.19,447319.86,450622.12,116389,0,0.09,55.33
Canada,2004,Wind,14894.93,29657.24,3656795729.76,350000.68,26722.63,471450,1,0.35,40.47
Canada,2005,Geothermal,35336.54,4103.63,5669710972.01,899404.7,37642.83,899627,1,0.31,38.18
Canada,2005,Geothermal,7808.77,2236.43,7079819201.64,618464.33,214595.32,371447,1,0.29,71.24
Canada,2005,Hydro,93109.54,23891.68,7930483452.13,213425.78,890007.7,263763,0,0.47,71.7
Canada,2005,Solar,2951.14,16582.21,6622685042.78,290565.84,792319.92,544849,1,0.25,31.29
Canada,2005,Solar,62650.26,17982.95,345933077.9,978682.73,614855.43,26556,1,0.3,58.98
Canada,2006,Biomass,86100.71,14247.81,7503002240.5,478073.59,375663.28,377878,0,0.48,70.98
Canada,2006,Biomass,17318.09,45224.37,569163344.63,128280.94,736894.71,369048,1,0.26,41.55
Canada,2006,Biomass,17483.39,4944.82,6567938070.95,439442.43,916978.69,781162,0,0.24,18.72
Canada,2006,Hydro,87778.69,46890.89,8603843465.06,137255.23,477512.27,33161,0,0.32,68.75
Canada,2006,Hydro,90590.6,20430.92,132973690.68,869208.36,721550.83,670121,1,0.44,22.33
Canada,2006,Hydro,12916.08,28645.16,1378406110.87,329882.19,49609.07,174356,0,0.27,5.66
Canada,2006,Solar,7945.09,12360.46,1746943197.11,42258.15,800017.29,694107,0,0.41,99.98
Canada,2006,Solar,84246.36,39190.7,6375725836.84,561031.26,746355.26,876639,0,0.25,38.24
Canada,2006,Wind,96006.77,49997.39,1264606557.91,781641.17,550530.8,555660,0,0.24,20.76
Canada,2006,Wind,8672.6,48501.43,447293887.81,568199.92,192247.26,889023,1,0.21,86.78
Canada,2006,Wind,25365.23,21604.93,1221862320.87,760924.01,530091.43,213880,0,0.1,56.32
Canada,2006,Wind,61115.01,1388.05,1618033311.99,110329.83,772542.12,530144,1,0.13,2.19
Canada,2007,Biomass,91212.79,29801.12,9330571336.7,332224.66,92057.34,542019,0,0.05,78.77
Canada,2007,Geothermal,16908.33,14440.24,7935535031.56,64139.34,761811.39,253175,0,0.27,55.67
Canada,2007,Geothermal,67493.43,7172.97,9607710947.96,724939.54,407305.67,337070,0,0.49,38.63
Canada,2007,Geothermal,7621.97,10310.21,8834862577.07,454421.34,37270.46,804711,1,0.27,57.61
Canada,2007,Hydro,81768.78,3229.81,3630185501.22,884058.02,891059.58,617352,0,0.49,81.1
Canada,2007,Solar,20322.54,10828.34,4639469254.16,988690.22,112176.26,230374,1,0.18,30.25
Canada,2007,Solar,36822.16,49699.11,2038973664.81,681291.55,756467.59,257477,1,0.3,29.68
Canada,2007,Solar,28571.58,49317.51,2839124252.42,16551.1,525974.03,416075,0,0.06,31.66
Canada,2007,Solar,60064.59,44469.0,2594213144.47,166130.77,725511.26,498727,1,0.45,63.4
Canada,2007,Wind,3388.78,11849.33,9106571841.28,5108.6,54242.87,437254,0,0.46,7.45
Canada,2008,Biomass,61954.11,37119.54,3980267282.36,85922.24,886789.35,532998,1,0.18,80.06
Canada,2008,Biomass,85524.07,19306.47,4645487355.85,773888.8,737399.73,9727,1,0.06,20.48
Canada,2008,Biomass,88197.41,7851.92,3560980047.81,318026.78,746763.72,337250,1,0.26,38.68
Canada,2008,Geothermal,67061.83,49079.01,9615423595.55,155551.51,40502.82,581503,0,0.41,31.71
Canada,2008,Geothermal,17777.98,15892.24,4169764864.78,921808.22,334366.42,601901,1,0.45,2.02
Canada,2008,Geothermal,68042.98,5602.42,1821328891.85,464796.18,319962.04,103319,1,0.37,94.97
Canada,2008,Geothermal,82371.15,17700.6,5051336018.7,965269.16,925530.98,615672,0,0.23,82.52
Canada,2008,Geothermal,2817.39,47875.86,4803040527.52,153174.55,615162.24,586600,0,0.36,74.4
Canada,2008,Hydro,93344.43,44718.99,7173788493.0,707485.9,439123.35,93966,1,0.14,73.96
Canada,2008,Wind,24304.37,32536.6,7788675728.38,908878.9,933522.95,402251,1,0.37,54.68
Canada,2008,Wind,83672.49,28717.41,2790398080.93,595467.89,564186.67,905847,0,0.45,37.79
Canada,2008,Wind,52083.38,43286.44,5076512441.32,985020.66,590718.0,425046,1,0.38,42.7
Canada,2008,Wind,20024.38,34672.7,7596734286.4,745566.26,979778.68,487699,1,0.23,57.01
Canada,2009,Hydro,29548.07,33438.57,5222537337.49,187889.73,970541.75,841761,1,0.1,51.19
Canada,2009,Solar,46268.79,6015.93,2889331537.85,600811.72,235686.76,233653,1,0.25,90.86
Canada,2009,Solar,21267.62,28763.56,5989611819.09,699354.66,662421.48,706338,1,0.49,4.96
Canada,2010,Biomass,19597.52,29727.69,8979449296.14,751063.18,409619.99,598646,1,0.34,6.75
Canada,2010,Biomass,71259.72,45312.09,8844069671.92,546571.71,781052.99,898971,0,0.29,91.26
Canada,2010,Geothermal,26142.83,9989.63,8062767449.89,559197.69,301162.63,689823,0,0.18,8.42
Canada,2010,Geothermal,33700.01,10141.05,1810945205.53,169260.15,490657.7,447169,0,0.26,87.87
Canada,2010,Hydro,93117.96,3607.45,3289667346.33,236097.88,378519.69,62045,0,0.24,70.68
Canada,2010,Hydro,88375.08,30413.68,5216569249.39,457075.35,616291.53,675909,0,0.44,86.37
Canada,2010,Solar,15296.64,4250.6,9111344262.38,546911.59,908618.22,741849,0,0.2,29.5
Canada,2010,Solar,9645.2,41437.24,2045486080.67,373724.18,376528.93,149280,1,0.32,62.23
Canada,2010,Wind,78649.73,8635.13,3895008196.96,473132.79,42943.28,816469,0,0.36,41.63
Canada,2010,Wind,63235.64,35709.0,4949848935.17,647172.13,165920.4,349688,0,0.37,13.55
Canada,2011,Biomass,74260.19,25775.75,7517176691.79,520758.13,949018.81,973184,0,0.31,10.86
Canada,2011,Geothermal,29778.42,24666.41,6696843436.67,183126.43,353873.15,899607,1,0.39,21.49
Canada,2011,Hydro,46271.52,49974.26,7665102637.38,538559.07,290444.63,954097,0,0.13,37.19
Canada,2011,Solar,59406.91,43067.85,1187444338.14,702874.89,598958.13,394973,1,0.15,98.66
Canada,2011,Solar,85736.89,35024.66,4562447189.33,913451.47,293747.26,138840,1,0.34,55.42
Canada,2011,Wind,80009.72,35494.64,5247317543.25,102530.27,988329.54,922608,1,0.36,48.18
Canada,2012,Geothermal,26580.4,31446.34,6976142096.46,596699.3,481695.97,935901,0,0.43,75.23
Canada,2012,Hydro,99925.06,26824.44,3439819648.45,743320.1,387603.46,746956,0,0.14,96.68
Canada,2012,Hydro,35958.92,14410.75,6838575836.71,810436.88,372835.85,432663,1,0.12,91.46
Canada,2012,Solar,32548.6,40389.85,8046509496.76,735601.08,935193.24,340186,0,0.24,13.55
Canada,2012,Wind,35937.8,34375.42,7485606663.31,228784.25,639815.62,733475,1,0.34,59.81
Canada,2012,Wind,89071.86,23444.0,9287323249.36,51236.83,917838.2,712626,1,0.1,78.51
Canada,2013,Biomass,94102.73,6139.12,6158679593.93,342707.15,43695.24,588423,1,0.16,67.35
Canada,2013,Biomass,98397.81,16191.49,1783535397.95,7977.21,111308.65,970573,1,0.47,71.16
Canada,2013,Biomass,28796.87,18301.75,1892057287.74,636300.08,277597.94,6494,1,0.34,16.88
Canada,2013,Hydro,29239.54,490.41,6532777240.57,580566.34,652041.44,877650,0,0.29,15.75
Canada,2013,Hydro,54726.78,14745.76,9735411766.01,127154.37,328962.49,560125,1,0.29,30.65
Canada,2013,Hydro,92962.55,48573.72,920291854.52,494816.83,925024.02,383403,0,0.23,23.08
Canada,2013,Solar,56844.85,47148.6,3137118138.97,386466.9,731445.9,501179,1,0.19,75.69
Canada,2013,Solar,59945.51,13910.15,5597638763.23,879027.43,243786.0,185959,1,0.32,8.72
Canada,2013,Wind,11848.82,1503.4,1135456328.89,336796.46,295590.69,924838,0,0.12,59.23
Canada,2013,Wind,51668.61,2353.38,6561285511.77,395506.89,988620.05,877645,0,0.5,46.5
Canada,2014,Biomass,6453.09,16913.69,7292534732.75,699292.66,870283.1,939417,0,0.15,41.31
Canada,2014,Biomass,53937.99,9253.91,4959577411.91,918549.55,856874.82,770398,0,0.43,28.53
Canada,2014,Geothermal,80750.68,39027.34,9925332814.52,350075.88,374325.1,824313,0,0.09,42.12
Canada,2014,Geothermal,11622.55,7732.19,3472263059.29,172539.1,380553.23,362786,0,0.42,90.66
Canada,2014,Hydro,22899.95,25200.28,260577591.6,22009.18,246257.39,389859,1,0.12,18.51
Canada,2014,Hydro,55890.54,19202.63,5152100408.02,774717.51,760295.37,229980,0,0.13,62.54
Canada,2014,Hydro,2931.84,2463.82,7603915838.82,314071.95,96908.37,32742,0,0.3,32.5
Canada,2014,Hydro,54716.84,23026.03,3201269868.69,869050.97,907657.49,823924,1,0.06,72.21
Canada,2014,Hydro,83414.13,25997.04,8869991648.33,855572.17,288428.65,815444,0,0.38,47.92
Canada,2014,Hydro,19666.31,22171.77,2985967861.56,75795.48,53404.54,237669,1,0.07,24.66
Canada,2014,Solar,4837.98,24652.65,9403072975.15,966933.46,968653.8,552710,0,0.34,31.74
Canada,2015,Biomass,18442.0,25259.15,5482680720.83,775847.46,91921.53,446592,0,0.06,68.84
Canada,2015,Geothermal,11760.83,30794.92,266052268.8,664335.61,393533.18,400204,1,0.28,84.7
Canada,2015,Geothermal,18333.31,5167.84,954150715.57,499132.42,823406.99,843710,1,0.42,8.66
Canada,2015,Hydro,39896.31,8150.95,3301798907.61,725744.71,453700.83,555890,1,0.36,8.74
Canada,2015,Hydro,79684.38,5266.06,3225647272.14,578691.51,446803.79,224205,1,0.39,61.51
Canada,2015,Solar,34240.75,47512.08,9583127247.11,104198.7,866891.81,77351,1,0.25,27.32
Canada,2015,Solar,57907.76,6237.43,4458384846.98,586575.49,196917.0,462007,0,0.37,46.3
Canada,2015,Wind,48263.29,41308.89,6894786716.12,805946.44,486332.39,891863,0,0.23,68.03
Canada,2016,Biomass,90916.45,38657.39,6889340109.9,791631.61,640544.04,983763,0,0.34,73.22
Canada,2016,Geothermal,6766.69,24171.98,2337745981.26,550141.55,313719.46,432902,0,0.06,12.08
Canada,2016,Geothermal,63271.35,34253.16,4963321885.9,795077.72,139442.45,509390,1,0.33,7.98
Canada,2016,Geothermal,35878.97,40784.43,259059305.17,755373.95,464556.13,947415,0,0.34,44.26
Canada,2016,Geothermal,26997.94,23165.59,6185572779.23,536897.88,813022.69,38901,0,0.45,94.9
Canada,2016,Hydro,45130.73,10918.42,238777177.21,972694.12,524723.98,897408,0,0.35,79.13
Canada,2016,Hydro,9341.15,829.55,1392108689.85,551643.72,802381.65,724561,0,0.11,76.92
Canada,2016,Hydro,97747.01,1573.38,3429908550.64,894672.04,3616.76,885793,0,0.06,84.86
Canada,2016,Hydro,18163.71,13863.42,2503128488.74,950987.18,16338.4,867982,1,0.12,25.93
Canada,2016,Solar,56527.86,31316.76,4061773376.77,12066.49,52289.34,35593,0,0.24,27.48
Canada,2016,Solar,11838.06,13631.04,4482997879.92,466380.88,488400.79,961917,1,0.38,37.91
Canada,2016,Wind,39614.64,12632.34,7079327275.19,171977.51,188023.59,656258,0,0.38,86.11
Canada,2016,Wind,81887.18,37628.79,2765592964.34,968117.93,381278.56,266852,0,0.13,49.94
Canada,2017,Biomass,32133.76,3146.14,8273888432.07,433366.61,724107.09,58615,0,0.41,25.28
Canada,2017,Biomass,80365.9,5265.48,2474851154.13,874323.83,170699.44,418002,0,0.45,30.45
Canada,2017,Biomass,25166.0,12875.98,3839288852.58,866413.79,177283.14,304640,1,0.32,90.56
Canada,2017,Geothermal,89627.77,38924.68,5127571535.03,289416.17,348762.58,279630,1,0.3,89.94
Canada,2017,Geothermal,65095.62,29415.9,6870538129.4,809342.71,112792.77,612466,0,0.33,14.51
Canada,2017,Wind,20636.04,47500.86,8099752941.41,414844.63,483385.57,41320,0,0.08,11.9
Canada,2018,Biomass,89135.88,47010.38,3869901271.99,393556.03,170925.6,583225,1,0.44,56.19
Canada,2018,Biomass,80716.97,9951.28,8453614029.6,380864.79,519882.34,234119,1,0.45,80.85
Canada,2018,Biomass,5088.62,3127.1,8099295919.04,668384.18,646644.89,259872,1,0.1,41.05
Canada,2018,Biomass,1212.8,43516.53,356129839.62,118449.7,647130.29,515069,0,0.09,99.53
Canada,2018,Geothermal,76193.28,19375.19,5060959895.7,862567.75,759102.35,668232,1,0.49,12.8
Canada,2018,Hydro,98141.44,34543.01,2525496221.76,155673.4,720769.62,391958,0,0.16,72.13
Canada,2018,Solar,24806.62,45659.37,4392124429.93,887157.49,335506.63,180932,1,0.25,88.72
Canada,2018,Solar,67974.78,1027.47,8102781607.23,276449.64,603402.59,242154,1,0.18,84.06
Canada,2018,Solar,27092.79,42132.36,928168308.93,850635.16,545399.11,827120,0,0.1,51.71
Canada,2019,Biomass,39870.29,5002.92,4101297509.01,337348.02,656717.15,777644,1,0.31,41.21
Canada,2019,Geothermal,41142.73,12201.75,8080811225.33,824726.37,42515.44,823421,1,0.47,35.51
Canada,2019,Geothermal,16255.68,32918.67,8276411419.29,977171.19,704923.89,556457,0,0.25,55.28
Canada,2019,Hydro,86788.1,41819.61,725090122.32,103587.36,622018.68,995378,1,0.11,61.98
Canada,2019,Hydro,74974.19,35089.44,6179536852.75,296263.97,467546.82,772890,1,0.07,2.55
Canada,2019,Hydro,97847.48,26028.68,2139859511.93,987987.37,211799.33,645952,0,0.08,43.53
Canada,2019,Solar,93623.58,19607.29,7565706059.12,914333.95,439905.79,107441,0,0.21,62.27
Canada,2019,Solar,90756.89,37813.54,3624097785.27,569856.1,677350.65,494200,0,0.06,14.41
Canada,2019,Solar,52126.84,40081.42,7135948284.28,739544.49,749893.34,151813,1,0.07,79.28
Canada,2019,Wind,21125.81,22932.01,3058277493.99,14640.69,785199.29,568374,0,0.44,25.09
Canada,2019,Wind,66336.26,11525.86,6044883348.63,266160.66,188426.83,506277,1,0.18,28.42
Canada,2020,Biomass,42778.79,9648.54,6001946298.79,827738.46,285416.51,717514,0,0.21,38.51
Canada,2020,Geothermal,40223.36,41617.16,2698073282.24,751371.07,9495.88,834498,1,0.1,43.32
Canada,2020,Geothermal,69510.4,863.45,4861175259.35,526334.27,706885.06,209519,1,0.17,9.8
Canada,2020,Geothermal,96697.8,6582.18,324069138.54,338849.08,256667.1,599456,0,0.22,62.96
Canada,2020,Hydro,83592.82,3160.94,2239349608.25,182785.17,564013.57,542139,0,0.25,57.68
Canada,2020,Hydro,17429.88,20779.88,2837966596.86,219405.13,717516.04,515832,0,0.14,60.88
Canada,2020,Wind,74467.29,33989.7,614669488.91,954773.1,71474.34,202234,1,0.09,90.93
Canada,2020,Wind,69720.85,30416.05,5906358548.66,662237.82,284034.13,89429,0,0.09,22.38
Canada,2021,Biomass,15156.08,30711.68,8408380392.09,235945.55,365832.88,730256,0,0.41,40.35
Canada,2021,Geothermal,83385.42,47656.24,216061863.67,633618.45,40647.76,374808,0,0.33,58.68
Canada,2021,Hydro,35644.26,15666.46,8367160554.93,928048.31,902263.3,459868,1,0.38,56.22
Canada,2021,Hydro,9894.22,14533.16,2052622332.81,58767.13,898046.81,888071,1,0.2,53.13
Canada,2021,Hydro,68321.28,16674.12,8106802504.63,823855.06,345058.12,944289,0,0.49,41.89
Canada,2021,Hydro,54709.71,44195.3,6546779849.72,989145.1,811641.93,490759,1,0.48,53.8
Canada,2021,Hydro,12688.31,41716.27,6704039185.06,512096.93,337273.68,249609,0,0.27,16.18
Canada,2021,Solar,3996.64,9637.65,4952257876.34,147243.18,498471.41,184504,1,0.3,95.76
Canada,2021,Solar,92332.53,48564.16,1771427664.68,611246.5,299513.09,673026,0,0.49,37.94
Canada,2021,Solar,75620.98,23835.96,566524650.62,542052.8,903794.15,421064,0,0.24,35.56
Canada,2021,Solar,4720.88,47452.48,6873589031.38,478190.99,111888.28,391520,0,0.37,48.29
Canada,2021,Wind,32952.76,46664.61,5610702076.04,658114.25,170945.7,563874,0,0.29,72.54
Canada,2022,Geothermal,35116.53,31986.71,5054198890.14,139397.69,843594.94,404269,0,0.44,57.3
Canada,2022,Geothermal,67009.65,6376.94,205657814.93,648154.92,945738.43,625226,1,0.19,1.87
Canada,2022,Geothermal,1469.07,47934.54,4020863344.51,119634.62,671886.41,474095,0,0.46,32.29
Canada,2022,Geothermal,25335.8,8278.57,2656209886.08,3332.79,690773.76,290715,0,0.35,85.22
Canada,2022,Geothermal,30658.03,1290.81,3025489912.81,68628.28,223002.76,354313,0,0.2,17.94
Canada,2022,Geothermal,38618.09,16778.48,8883313669.36,19534.42,621066.93,482706,1,0.39,92.51
Canada,2022,Hydro,22171.89,21248.2,7010583684.96,348912.45,455537.86,544799,0,0.25,84.06
Canada,2022,Hydro,26943.91,45412.49,8670560635.37,926793.84,868709.67,518873,0,0.39,61.6
Canada,2022,Solar,6174.22,14702.8,1565431536.03,124239.71,438368.56,827770,1,0.08,19.77
Canada,2023,Biomass,99702.74,31441.12,8859843167.61,272077.93,647297.22,848142,0,0.14,95.34
Canada,2023,Biomass,97887.77,46308.77,4852803142.03,71894.66,339959.64,101465,0,0.1,30.75
Canada,2023,Geothermal,96864.64,38261.42,961236031.59,24830.56,474930.86,849460,1,0.15,75.49
Canada,2023,Geothermal,30744.78,18544.2,3532360650.75,250195.3,102714.99,377400,1,0.17,7.22
Canada,2023,Geothermal,77626.96,10393.31,4991930086.39,827739.04,800716.75,768384,1,0.43,84.33
Canada,2023,Geothermal,8665.02,2242.66,6031226411.79,858822.15,20297.46,438708,0,0.49,7.4
Canada,2023,Geothermal,6803.68,1140.74,1518907041.66,721387.1,578307.81,82773,1,0.07,60.87
Canada,2023,Hydro,88725.76,31932.14,7356931436.81,649129.96,435515.72,205625,1,0.2,45.82
Canada,2023,Hydro,31313.2,16058.91,4387924365.75,567444.95,858589.2,196372,1,0.15,50.23
Canada,2023,Hydro,39682.58,2231.23,425085270.37,961277.88,95542.98,169308,0,0.22,41.22
Canada,2023,Solar,36943.59,21391.35,3626031203.34,623326.02,147579.93,200229,0,0.3,56.49
Canada,2023,Solar,25364.64,4050.89,1774233896.56,897019.73,293916.29,160933,1,0.47,78.12
Canada,2023,Wind,93394.83,47228.02,7037295376.95,760197.11,128911.13,942837,0,0.39,2.14
Canada,2023,Wind,22486.71,10295.32,116173697.95,287547.38,536042.01,317986,0,0.23,68.87
Canada,2023,Wind,43738.93,41745.87,4525105787.69,258084.14,307118.49,554375,1,0.14,78.17
China,2000,Biomass,66206.31,3530.01,5640793179.71,481213.41,262839.0,159323,1,0.5,7.99
China,2000,Geothermal,37077.49,41799.68,5204430335.38,351125.43,559706.34,34072,1,0.36,16.97
China,2000,Geothermal,5295.77,14470.27,7882287994.08,453148.54,8728.98,657032,0,0.29,5.11
China,2000,Hydro,51412.71,27649.53,3345972856.17,58953.08,629541.09,191740,1,0.25,19.52
China,2000,Hydro,12919.14,46214.4,6027986577.44,989552.51,987010.18,725595,1,0.07,44.97
China,2000,Hydro,54708.43,49464.1,1837748250.25,39272.47,963460.31,762732,1,0.18,64.22
China,2000,Hydro,32679.07,33322.85,7792763027.4,372443.35,701411.2,559314,1,0.25,67.09
China,2000,Solar,24105.08,34069.37,5645018026.69,430375.41,533479.2,895843,1,0.43,44.27
China,2000,Solar,79674.05,12185.84,377448585.36,795827.18,156819.11,714201,1,0.47,1.29
China,2000,Solar,67689.89,33246.41,3336333434.48,703788.97,524248.56,852512,0,0.1,82.37
China,2000,Wind,91171.3,12239.42,6876746726.28,840126.81,614841.74,192775,0,0.42,76.73
China,2000,Wind,54656.84,5253.42,8771815820.19,928973.28,250409.67,317426,1,0.23,38.15
China,2000,Wind,41504.8,3137.07,4313350325.69,85423.16,734986.47,221543,1,0.23,62.22
China,2000,Wind,24163.36,48966.03,941177182.78,954456.07,696344.56,461713,0,0.48,0.27
China,2001,Biomass,17689.51,35379.27,2068398731.59,605736.15,674217.54,821661,1,0.45,92.76
China,2001,Biomass,51962.21,14899.34,750370092.23,183690.53,832925.81,128380,0,0.3,33.91
China,2001,Biomass,70591.9,42170.91,7365128244.79,794926.4,341304.56,8052,0,0.08,8.88
China,2001,Biomass,25253.59,46682.75,9760166324.33,309164.99,344873.12,610716,0,0.35,33.01
China,2001,Hydro,24466.39,30406.31,6102085567.82,962399.34,32901.68,541735,1,0.26,18.2
China,2001,Solar,57818.92,5248.31,7915208636.09,206051.05,397057.54,663920,0,0.21,6.91
China,2001,Solar,70143.23,35866.71,8989019856.73,578532.9,978804.55,641876,1,0.47,42.38
China,2001,Wind,20257.9,25029.89,3698334279.91,117603.43,407025.31,635109,0,0.21,0.19
China,2001,Wind,68403.7,16017.63,6007806160.64,352102.27,624864.43,524493,0,0.24,49.69
China,2002,Biomass,61107.2,31681.79,5765123866.22,468899.45,341111.76,727131,0,0.09,56.01
China,2002,Geothermal,17862.8,12909.4,7496814392.14,857321.49,320417.64,323260,1,0.22,27.52
China,2002,Hydro,81495.81,1882.75,9020923307.51,168312.82,142262.15,311859,0,0.22,17.47
China,2002,Wind,41652.93,19213.27,977488588.64,646258.86,900832.62,695530,0,0.46,33.8
China,2002,Wind,64481.04,5979.03,9279634349.63,9483.76,233829.02,531375,1,0.07,96.53
China,2003,Biomass,96337.52,18910.44,5820906647.36,152289.35,829262.15,260199,0,0.13,34.86
China,2003,Biomass,70449.05,5364.21,1934223505.72,218750.17,621811.16,540711,0,0.41,80.82
China,2003,Biomass,73152.29,7412.39,6240629612.33,512807.36,59403.3,37260,1,0.49,40.0
China,2003,Geothermal,97682.16,34344.54,8640349922.01,506882.32,207870.12,889772,0,0.13,15.54
China,2003,Hydro,48279.11,15524.42,784647183.91,449943.66,440348.95,4674,0,0.12,81.72
China,2003,Hydro,70994.14,30231.29,3133259989.18,861170.36,352033.84,179721,1,0.31,33.82
China,2003,Solar,38469.28,37558.03,7783575260.51,858230.49,726067.76,113243,0,0.08,72.16
China,2003,Solar,60943.36,1320.78,582905674.49,516650.63,912007.78,666787,1,0.08,27.34
China,2003,Solar,5844.04,32593.24,5910501787.82,988377.91,952564.39,222501,1,0.25,52.91
China,2003,Solar,73494.67,3954.74,1866391135.69,721465.17,480901.79,951594,0,0.22,12.84
China,2003,Solar,13585.25,5516.61,8689413058.23,168976.58,697483.73,891604,0,0.06,9.22
China,2003,Solar,64105.17,48421.13,1157370110.55,889167.31,466217.4,890172,1,0.25,91.78
China,2003,Wind,29638.15,49062.49,3370178171.91,324485.96,142391.63,143666,1,0.24,72.54
China,2003,Wind,6329.8,26981.34,8243387269.34,717163.08,509307.2,205205,0,0.44,19.85
China,2004,Biomass,83220.3,49142.95,1018262791.64,965283.02,680449.17,421550,0,0.42,97.26
China,2004,Biomass,82308.26,15814.03,3763997804.4,852247.69,602891.86,455504,0,0.4,25.07
China,2004,Geothermal,81473.49,39898.22,5547233615.5,64049.2,52855.61,473776,0,0.18,50.65
China,2004,Geothermal,90261.47,24697.68,6073324966.97,670956.76,916056.35,396132,0,0.18,4.88
China,2004,Geothermal,4359.99,7230.72,1411819744.92,523040.94,719165.93,494802,0,0.33,10.09
China,2004,Geothermal,16097.27,8715.06,2112259354.75,43144.58,700931.14,873620,1,0.38,89.54
China,2004,Geothermal,80181.6,48364.78,1449912557.33,790593.95,902245.99,836391,0,0.29,16.74
China,2004,Geothermal,75290.87,28350.49,690399135.55,401972.36,177543.82,386007,1,0.08,5.07
China,2004,Geothermal,43507.35,11505.76,4474953495.04,272797.39,338417.72,903108,0,0.29,20.96
China,2004,Solar,17462.46,12976.08,4487469678.17,775199.55,333189.87,204965,1,0.43,52.59
China,2004,Solar,83923.55,9687.66,4628264777.45,739846.11,677919.35,140645,1,0.12,76.97
China,2004,Wind,88192.59,7755.35,4179178416.28,677508.78,149583.85,768511,1,0.07,77.66
China,2004,Wind,50194.82,10378.34,7648197452.81,725971.79,441254.06,105515,0,0.12,11.51
China,2005,Biomass,28181.63,8710.13,3706451970.99,653912.46,103353.56,257000,1,0.09,66.01
China,2005,Biomass,87194.32,1172.3,1392741979.19,210864.93,142951.15,172676,1,0.29,86.86
China,2005,Geothermal,15616.32,22952.15,2699205107.56,781878.44,966566.47,629060,1,0.32,18.45
China,2005,Geothermal,85498.89,47149.29,448241608.61,264320.1,940339.72,700982,0,0.35,62.19
China,2005,Hydro,50630.37,20030.53,6426703701.19,1280.47,306390.98,857091,0,0.5,37.69
China,2005,Hydro,26632.65,45088.47,4283652904.75,500986.88,45545.42,448846,0,0.46,92.92
China,2005,Hydro,97840.4,14771.4,9585755097.66,453825.3,373202.62,905370,1,0.44,38.6
China,2005,Solar,44809.88,42012.2,1665092158.9,793268.0,82634.4,341769,0,0.28,70.5
China,2005,Solar,48419.57,22871.16,2598797551.77,93924.05,360275.79,663212,1,0.33,67.58
China,2005,Wind,53720.24,21970.49,6539153305.16,185291.96,883655.78,459351,1,0.14,66.15
China,2005,Wind,79370.74,22667.18,9061672310.64,919353.31,506557.81,702572,0,0.21,75.07
China,2006,Biomass,45997.59,38095.42,4014556893.12,933258.53,815906.94,687695,0,0.4,10.32
China,2006,Biomass,77920.26,49298.46,9159144464.68,623025.23,202568.27,684924,0,0.39,15.69
China,2006,Biomass,38987.06,32238.72,5871887758.85,157441.83,257753.74,947655,1,0.18,88.65
China,2006,Biomass,77937.94,24212.55,4679389478.39,967782.26,259029.11,397289,0,0.31,89.67
China,2006,Geothermal,63170.27,33525.55,3715375739.09,983195.93,607913.85,256511,1,0.41,2.17
China,2006,Hydro,86680.39,47951.33,9777638086.79,191848.45,694491.18,351464,1,0.45,50.04
China,2006,Solar,9206.53,24194.94,4024242333.42,663798.35,546156.38,726624,0,0.43,23.5
China,2006,Solar,94557.33,4057.6,4345858706.32,171786.73,151913.83,821488,1,0.1,18.37
China,2006,Solar,16455.87,4353.91,7080229209.74,64135.4,118515.8,634987,0,0.14,47.48
China,2006,Wind,58052.58,48958.34,8979132366.57,62444.43,207986.98,407703,0,0.28,85.78
China,2007,Biomass,63615.02,6212.68,5418016851.29,139758.76,422558.21,834135,1,0.05,82.31
China,2007,Biomass,79445.48,8964.61,5046654189.0,727824.71,361098.26,69525,1,0.35,12.6
China,2007,Biomass,43969.92,21727.98,6686247088.84,336326.36,628729.65,500855,1,0.5,10.7
China,2007,Biomass,22806.55,31185.33,8468087438.28,286662.58,161904.57,141951,0,0.43,21.82
China,2007,Geothermal,90909.22,34921.97,5422660955.45,359249.62,577262.43,318784,1,0.06,98.75
China,2007,Geothermal,35970.99,40474.73,63107263.36,722085.75,663564.02,634754,1,0.07,99.99
China,2007,Geothermal,16616.49,1363.51,3260721283.73,890611.82,728345.82,706790,0,0.27,16.56
China,2007,Hydro,35047.33,43191.37,4221885906.84,572886.34,158139.31,215387,0,0.35,95.87
China,2007,Hydro,58676.62,24284.96,7627623533.9,111541.76,415654.89,889762,0,0.18,2.25
China,2007,Solar,28822.26,30464.73,2301892038.56,474346.64,466427.3,581487,1,0.27,21.72
China,2007,Solar,73196.25,15142.97,429788491.47,62575.31,912343.74,766581,0,0.22,88.23
China,2008,Biomass,59880.85,34523.56,5984944996.14,532145.65,783558.24,636272,1,0.35,95.58
China,2008,Biomass,81103.24,5504.41,1759668321.76,248376.82,213719.18,149676,0,0.18,28.48
China,2008,Geothermal,57851.51,8974.17,3206440785.24,890342.31,328003.25,516290,1,0.48,19.82
China,2008,Geothermal,35903.98,26984.56,2538588188.28,229752.34,885533.09,863052,0,0.29,10.86
China,2008,Geothermal,58248.6,25260.08,7933379127.59,288825.2,729726.7,302839,0,0.09,39.53
China,2008,Geothermal,82707.94,17852.39,4516850463.69,920874.23,253696.37,149749,1,0.08,31.69
China,2008,Geothermal,76878.52,9283.26,7411035135.87,398767.26,4870.06,712417,1,0.28,51.04
China,2008,Hydro,33841.88,22942.9,4258537513.88,139935.62,978018.87,347368,0,0.49,61.19
China,2008,Solar,33102.72,13559.1,4538364908.48,369075.01,458117.99,67927,0,0.23,72.96
China,2008,Solar,41660.92,45121.69,7727943932.74,444691.36,153715.15,277278,1,0.21,64.9
China,2008,Wind,20804.92,30691.34,5527279700.72,669241.94,329585.15,322803,1,0.35,37.85
China,2008,Wind,90641.84,33568.31,757295267.89,798682.07,232522.48,625443,0,0.09,59.33
China,2009,Geothermal,39799.17,28901.45,7661540541.44,870271.43,447582.03,716659,0,0.08,54.92
China,2009,Hydro,98325.86,16138.56,3596285370.17,620628.75,899932.36,468746,0,0.31,21.83
China,2009,Hydro,16296.0,40680.49,7841413432.35,67258.75,848780.58,478092,1,0.37,34.67
China,2009,Hydro,84189.93,18037.35,7289735791.17,453784.93,96608.65,933680,1,0.24,61.93
China,2009,Hydro,42597.13,13534.09,9411380828.61,654705.4,641183.86,315100,0,0.07,58.86
China,2009,Hydro,72750.05,42275.58,9239750476.6,182356.23,129139.93,438722,0,0.4,57.36
China,2009,Solar,14634.77,3818.05,4213269697.37,887446.81,887578.67,390926,1,0.34,78.01
China,2009,Solar,20512.53,4025.1,2161727167.96,592269.69,252004.37,537068,0,0.18,17.35
China,2010,Biomass,51839.95,39136.91,787814441.13,134508.17,402397.77,290765,0,0.28,49.4
China,2010,Biomass,43855.83,47669.33,7531289147.42,460665.57,204288.48,924244,1,0.36,70.65
China,2010,Biomass,59368.73,29218.65,3633148264.61,671055.46,779666.25,432436,0,0.12,38.76
China,2010,Geothermal,46436.32,20687.75,7617507042.19,129979.29,759457.63,968265,1,0.4,79.68
China,2010,Geothermal,71268.1,11702.86,3651841770.03,690552.57,771920.62,694446,0,0.17,88.72
China,2010,Geothermal,74498.89,7816.2,4454706644.78,549915.97,821929.19,313567,1,0.49,77.63
China,2010,Geothermal,99917.75,14228.98,9365603833.24,857484.51,329665.49,993072,0,0.43,93.05
China,2010,Geothermal,12592.8,38335.55,672234613.41,272695.04,313844.17,597584,0,0.2,31.13
China,2010,Hydro,57276.85,4197.29,7367390894.6,372356.78,122985.61,314128,1,0.42,44.24
China,2010,Hydro,43528.68,46502.38,8925348442.41,673597.3,111578.65,628108,0,0.42,6.14
China,2010,Solar,68815.25,17652.6,3603313332.81,543688.33,877308.46,877536,1,0.34,84.39
China,2010,Solar,12058.05,32252.25,5566358530.57,820794.63,36097.45,967968,1,0.31,1.46
China,2010,Solar,31085.05,31338.2,2888420122.87,600508.58,537243.88,56460,1,0.33,46.76
China,2010,Wind,39457.77,46974.92,3974031690.1,704768.39,6334.37,761921,0,0.32,28.27
China,2010,Wind,23182.17,30025.53,8548015470.73,286073.08,353715.01,980336,0,0.26,60.45
China,2010,Wind,90862.1,2881.75,1239789141.66,76908.22,448781.66,145911,0,0.36,23.38
China,2011,Biomass,34903.3,47428.18,871630701.48,285170.72,81961.59,23889,1,0.42,89.08
China,2011,Biomass,76313.92,44458.94,7265083483.57,561524.64,191662.48,406283,1,0.18,90.72
China,2011,Biomass,54539.7,37853.35,3790423304.31,212285.8,882959.56,516780,1,0.36,56.67
China,2011,Geothermal,82925.45,13888.31,7032294535.59,133315.61,441170.55,411405,0,0.48,63.3
China,2011,Geothermal,15568.94,12194.95,6991853442.74,885971.37,373412.51,490915,0,0.21,69.09
China,2011,Geothermal,1058.76,38529.92,3329696196.87,435605.51,494765.0,727316,0,0.28,19.68
China,2011,Geothermal,71410.19,34825.77,8457553920.19,332747.48,915389.84,213446,0,0.28,69.94
China,2011,Solar,36361.01,43809.05,9362684886.69,587568.65,963380.11,191164,0,0.45,61.16
China,2011,Solar,73491.7,28434.4,5192166693.17,840935.4,788318.3,507182,1,0.26,15.66
China,2011,Wind,9401.21,17685.95,8480245371.5,95614.41,903094.45,89021,0,0.38,53.74
China,2011,Wind,20656.9,12704.78,1321237474.64,477558.58,209227.64,947169,1,0.15,41.85
China,2011,Wind,18819.53,5947.58,1482117391.71,454004.19,446394.24,167190,1,0.26,39.99
China,2012,Biomass,95368.6,33420.35,5196824250.13,345857.96,829205.84,643026,1,0.46,47.32
China,2012,Biomass,46855.83,4000.68,2956097869.66,882503.11,535287.58,773971,1,0.41,73.23
China,2012,Geothermal,60025.27,7874.77,360889299.03,92189.83,791294.13,192493,1,0.43,74.27
China,2012,Hydro,24434.25,17856.67,2577298063.62,532559.43,535906.23,514485,0,0.23,21.72
China,2012,Solar,76681.41,36002.98,672855638.66,548361.18,430419.63,528640,0,0.46,69.27
China,2012,Solar,39345.55,31643.33,2396487587.49,845011.62,159273.82,418682,0,0.42,97.47
China,2012,Wind,27090.5,11954.11,1928568442.7,299593.44,180997.38,742304,1,0.07,83.88
China,2013,Biomass,48541.07,34152.14,2917709313.88,935720.4,385679.36,462843,1,0.47,17.2
China,2013,Geothermal,83872.42,40748.35,2752308765.6,2581.94,323191.32,146089,0,0.16,14.88
China,2013,Geothermal,32615.78,41161.2,6929698489.92,841416.22,817067.03,392561,0,0.46,64.74
China,2013,Hydro,16155.27,44112.74,762712931.56,605352.97,707366.8,528121,0,0.23,25.24
China,2013,Hydro,81107.35,12207.92,258254332.7,995124.52,799136.93,66726,1,0.46,95.18
China,2013,Solar,10731.11,12108.96,6636097003.55,65704.29,111295.62,946092,1,0.42,18.76
China,2013,Wind,6055.65,27585.24,1882700108.83,847426.15,308818.76,609089,1,0.13,18.2
China,2013,Wind,15140.28,17788.74,1960187411.56,453543.36,222379.82,402719,1,0.15,16.55
China,2013,Wind,87285.46,166.51,3551118743.71,798666.23,299804.69,980147,0,0.44,89.29
China,2014,Geothermal,30593.34,6622.49,202689133.48,641404.99,6996.29,933547,0,0.05,40.31
China,2014,Hydro,74247.52,41122.89,8092254632.2,19036.03,437942.1,232944,0,0.23,61.71
China,2014,Hydro,42395.38,9781.24,9215773650.81,646904.17,879972.84,67901,0,0.37,32.9
China,2014,Hydro,70600.65,36563.01,1690033619.24,339817.95,321489.86,906232,1,0.18,89.56
China,2014,Hydro,71865.36,33706.59,5884643473.28,618183.72,591918.22,329445,0,0.22,84.74
China,2014,Solar,90881.84,7953.02,7547243.4,34672.54,781469.72,856508,1,0.05,64.52
China,2014,Wind,64766.5,47143.37,6208111755.23,162762.93,72869.43,364019,0,0.41,54.38
China,2015,Biomass,15532.85,16978.31,539437874.79,295419.92,160903.87,138763,1,0.24,77.12
China,2015,Biomass,90335.75,24218.02,8915744496.41,694494.71,208291.61,167546,0,0.25,63.95
China,2015,Biomass,41454.64,40474.3,1996242412.15,116711.97,443897.32,826377,1,0.21,61.52
China,2015,Geothermal,52680.01,5776.69,6962331775.95,889366.12,350326.78,999319,1,0.19,81.26
China,2015,Geothermal,16316.3,19460.28,8860352891.44,295477.12,626809.29,610077,0,0.29,85.42
China,2015,Geothermal,87878.79,16519.25,6895702444.52,44695.75,350415.76,729692,0,0.42,8.84
China,2015,Geothermal,33112.45,13655.05,5393429608.69,19420.19,576367.02,237477,0,0.34,41.44
China,2015,Hydro,49965.23,24914.57,5265178031.75,35635.55,878183.72,222487,1,0.08,40.86
China,2015,Solar,51915.66,6955.3,3198970120.62,221850.58,781279.86,331642,0,0.36,23.13
China,2015,Wind,84080.52,36007.21,298174926.57,62721.43,253938.6,225962,1,0.33,19.27
China,2015,Wind,15032.9,24330.53,1290092861.44,272315.67,874661.85,990364,1,0.29,39.26
China,2016,Biomass,98421.07,2356.53,399990177.26,311473.43,54442.32,966133,0,0.35,33.52
China,2016,Biomass,3302.25,29081.85,7990657819.41,180605.81,53836.28,986338,1,0.35,10.9
China,2016,Biomass,28742.82,42865.94,2969430078.16,965161.96,255964.04,410521,1,0.24,25.1
China,2016,Geothermal,43641.28,7225.01,5445778649.82,277505.92,353585.78,24980,1,0.21,18.78
China,2016,Hydro,10754.04,48951.16,7457090801.69,200545.74,325497.17,316047,0,0.18,71.69
China,2016,Solar,17255.05,33818.35,279530558.0,66107.14,476014.1,124284,0,0.44,76.59
China,2016,Solar,77498.35,19276.92,4398771894.52,468901.1,482540.56,200073,1,0.48,2.15
China,2016,Wind,20084.79,11493.09,2088297401.78,509970.14,574202.8,515596,1,0.43,87.8
China,2016,Wind,24747.05,32450.42,1033631546.71,702612.0,16251.52,331338,0,0.47,47.34
China,2016,Wind,13649.32,7859.79,9011380324.93,50223.43,475891.72,335160,0,0.07,54.35
China,2017,Biomass,58112.65,3573.23,15338985.2,10400.04,95217.57,108157,0,0.36,21.71
China,2017,Biomass,37075.42,34178.8,1839625346.39,534732.63,269760.16,119584,0,0.25,21.75
China,2017,Biomass,89468.86,16756.01,7872167569.73,143545.24,288516.24,834806,1,0.13,3.89
China,2017,Geothermal,14716.24,14983.22,4096533120.33,443798.81,644657.85,705198,1,0.37,8.27
China,2017,Geothermal,92760.41,36981.01,6384046795.14,482102.65,711290.55,566267,0,0.5,85.01
China,2017,Hydro,37191.97,49587.12,5721125688.49,539095.74,62075.86,337465,1,0.34,27.75
China,2017,Hydro,31567.63,15398.5,4251317148.83,327071.62,420056.87,282611,0,0.24,53.3
China,2017,Hydro,32368.3,21623.05,8084176327.3,20583.31,994594.86,591610,1,0.44,92.13
China,2017,Solar,97820.23,7865.93,5732230209.69,904538.52,848906.87,687917,1,0.2,5.84
China,2017,Solar,55113.24,6425.21,1800639272.0,464052.68,459126.94,929444,1,0.13,0.09
China,2017,Solar,70216.66,45746.0,2506045029.14,929106.51,479181.58,732764,0,0.28,45.04
China,2017,Solar,38891.49,38880.49,3107573862.74,436721.86,665904.56,550579,1,0.32,18.91
China,2017,Wind,23202.87,39789.5,4221217088.69,110779.89,70837.98,796805,0,0.21,63.47
China,2017,Wind,35836.83,8281.58,3471068539.01,286522.56,294451.02,136388,0,0.45,58.31
China,2017,Wind,11045.25,29794.93,6624408911.46,188570.58,127517.08,45313,0,0.3,74.19
China,2017,Wind,63113.77,7604.83,2387571891.73,592596.18,125049.36,300732,0,0.2,3.08
China,2017,Wind,49368.95,19485.02,5998591964.38,632183.59,36380.24,946496,0,0.34,48.0
China,2018,Biomass,3439.82,13558.19,8158379324.8,924781.34,107845.42,174636,0,0.18,4.42
China,2018,Biomass,99422.52,33865.88,8362242652.78,50765.44,470836.18,157897,1,0.3,98.19
China,2018,Biomass,73301.95,30617.04,82303084.56,886416.49,114908.98,984525,1,0.44,95.02
China,2018,Geothermal,63526.28,227.44,1636998591.11,466896.55,408576.72,452382,1,0.21,18.66
China,2018,Geothermal,64343.5,15105.75,7710290586.31,866350.87,104947.77,457543,0,0.14,70.31
China,2018,Hydro,37086.04,25001.26,4205013868.06,495799.28,613251.42,308431,0,0.08,37.24
China,2018,Hydro,7990.22,17367.38,3627612826.13,898542.14,383372.61,42471,1,0.47,20.02
China,2018,Hydro,69084.6,22418.12,5768845574.98,272844.26,515916.47,742678,0,0.24,59.17
China,2018,Hydro,45574.24,25716.3,4320554984.85,400636.02,359803.84,953236,0,0.08,69.95
China,2018,Hydro,26714.9,29350.75,6630710759.67,920382.34,577680.2,74378,1,0.06,70.29
China,2018,Hydro,29858.28,33667.89,4328571855.92,234543.07,161781.99,671130,1,0.46,68.55
China,2018,Solar,93288.41,30755.4,5086237221.21,819064.36,162034.25,225191,1,0.06,59.51
China,2018,Solar,12009.0,46761.25,1518153986.16,962880.4,45279.46,91366,0,0.24,63.08
China,2018,Wind,17128.44,48051.48,8520565111.5,979920.02,132605.53,174973,0,0.31,93.26
China,2018,Wind,37808.98,16379.47,65140862.39,897336.44,778077.11,448999,0,0.44,4.19
China,2019,Biomass,92047.35,33373.96,229206839.37,230997.02,467671.24,839300,1,0.2,42.71
China,2019,Biomass,1689.79,31733.51,8391469586.87,148274.29,381566.64,591423,0,0.12,88.09
China,2019,Biomass,79169.01,10499.76,3766095869.17,525647.48,192660.57,288880,1,0.09,91.16
China,2019,Geothermal,80458.64,29996.33,3013139175.71,41762.96,297102.41,125160,1,0.32,79.66
China,2019,Geothermal,24142.43,45156.01,2004960227.22,425822.91,259214.76,779050,0,0.21,19.16
China,2019,Geothermal,40033.66,43855.28,5169529517.31,45158.8,291619.01,838571,1,0.22,15.79
China,2019,Geothermal,98748.9,1025.34,5317692295.27,714726.17,201031.62,162520,0,0.14,24.35
China,2019,Hydro,44094.44,28831.86,2261920517.9,578046.83,838944.03,261427,1,0.48,85.08
China,2019,Solar,78755.09,36288.86,5635218481.54,361977.03,858104.32,942579,1,0.15,54.52
China,2019,Solar,13971.29,9270.86,5744406107.41,585596.97,626178.04,102736,0,0.37,4.67
China,2019,Wind,45365.6,936.37,4682885072.29,80100.19,460348.37,526593,1,0.44,37.56
China,2019,Wind,58185.25,32964.87,1492233960.33,535104.9,945850.14,806150,0,0.29,36.26
China,2020,Biomass,42434.61,6656.58,9568200343.78,306239.65,863610.48,921854,0,0.24,64.12
China,2020,Geothermal,19320.48,28116.0,3670926873.1,408873.8,179131.54,429000,1,0.45,93.05
China,2020,Hydro,77589.4,40332.69,3254739867.42,689276.38,910615.66,8554,1,0.5,66.65
China,2020,Hydro,12965.61,16455.17,785784540.97,240758.33,549452.39,54286,0,0.3,65.43
China,2020,Hydro,21935.3,29307.0,3901924036.23,9729.51,939815.08,400096,0,0.2,41.77
China,2020,Solar,43895.01,21928.17,4793172988.61,707285.09,159880.37,182032,1,0.39,74.91
China,2020,Wind,32224.32,24089.05,5352974527.06,60279.63,945101.94,201520,1,0.42,1.39
China,2020,Wind,10298.17,9729.5,1700894091.33,313845.9,793317.12,94624,1,0.13,9.18
China,2021,Biomass,69345.63,29761.39,4553728125.29,365533.22,71577.3,991252,0,0.08,84.65
China,2021,Geothermal,26674.82,28383.85,5121040842.97,341209.34,21424.34,549582,0,0.28,68.12
China,2021,Geothermal,3951.65,21180.47,6457744695.85,366934.41,809559.65,732904,1,0.34,99.22
China,2021,Geothermal,33802.22,18592.11,9592890078.93,255859.43,213791.66,94660,0,0.39,78.55
China,2021,Geothermal,44531.01,21344.63,6517083333.94,683884.38,687680.96,879627,0,0.28,59.95
China,2021,Geothermal,88277.51,34023.28,3132899101.2,757485.81,775242.69,822307,0,0.4,60.7
China,2021,Hydro,38372.19,8163.37,399102455.15,81292.8,528770.36,813947,0,0.12,38.39
China,2021,Solar,64899.06,12970.07,3993008356.8,770866.17,699243.63,167187,0,0.48,76.86
China,2021,Wind,4966.62,48257.39,1779556107.13,952906.52,85615.86,753212,0,0.11,19.54
China,2021,Wind,96028.77,17350.74,8896604469.87,919369.22,696875.69,801648,1,0.4,14.33
China,2021,Wind,14073.06,27072.39,8862572128.39,460026.98,770248.28,339735,0,0.47,21.99
China,2022,Biomass,1551.51,11101.4,8724668300.89,866283.69,617146.43,481994,0,0.13,52.04
China,2022,Biomass,85075.05,32468.1,954334922.06,967662.36,237901.61,938418,0,0.34,16.7
China,2022,Biomass,68550.4,6132.64,2202916323.69,658260.91,971047.6,877144,1,0.19,56.36
China,2022,Hydro,90747.63,23173.84,6934480627.44,784513.73,139961.23,807583,0,0.3,98.04
China,2022,Hydro,49293.19,44568.75,993068005.23,347778.52,155007.53,954655,0,0.17,35.37
China,2022,Solar,45940.1,44770.59,3403419322.99,171060.34,691156.0,840411,0,0.34,1.47
China,2022,Wind,95373.19,3655.74,6158951743.85,306317.16,613476.08,81811,1,0.18,97.36
China,2022,Wind,75387.97,6155.2,9316943666.87,367402.52,761686.39,293039,0,0.05,73.55
China,2023,Biomass,89107.1,44460.57,3576603747.38,864189.72,711972.86,850264,0,0.05,90.92
China,2023,Biomass,24559.6,30526.39,5827857006.25,2076.43,205598.47,246283,1,0.21,62.01
China,2023,Biomass,98172.27,42499.15,277227896.38,920029.49,360934.61,493855,0,0.44,22.8
China,2023,Geothermal,46262.53,14649.24,9388212521.76,640499.95,492592.22,650486,1,0.28,6.37
China,2023,Geothermal,7446.83,33581.96,11266523.94,632522.5,811210.49,452235,1,0.36,27.13
China,2023,Hydro,82000.56,8630.64,6780319359.74,402130.4,295417.08,111669,1,0.15,5.86
China,2023,Hydro,80230.38,6891.37,6071760381.93,218131.67,182638.7,882245,1,0.34,37.5
China,2023,Hydro,33707.25,33973.59,7430700998.7,77010.9,438445.25,672205,1,0.27,45.53
China,2023,Hydro,44913.82,38315.49,6317056043.16,500281.74,680245.02,523100,1,0.3,37.27
China,2023,Solar,70829.9,15257.16,3134327469.62,37274.42,180022.41,227797,0,0.17,22.01
China,2023,Wind,40190.98,37755.63,5215266728.08,447336.34,281939.21,669043,0,0.19,84.19
China,2023,Wind,43104.95,49763.68,1116603232.7,696471.07,542025.08,492651,1,0.22,77.32
France,2000,Biomass,75324.55,11628.54,2388956057.54,777699.86,975442.81,392213,0,0.35,1.77
France,2000,Biomass,36024.67,3923.21,8527998907.6,829067.4,387252.69,417787,0,0.46,45.4
France,2000,Geothermal,1704.88,41599.52,8256725318.74,74425.16,152138.49,69986,1,0.48,84.55
France,2000,Hydro,96020.06,15753.9,8220034097.91,371029.19,518920.33,247224,1,0.3,1.44
France,2000,Solar,68331.65,47264.4,9429459570.45,161307.81,728241.65,109821,1,0.32,14.0
France,2000,Solar,87863.36,5339.2,9283604250.44,231920.48,192560.32,829204,0,0.45,99.73
France,2000,Solar,72981.08,18407.83,5343931582.09,362658.19,496634.31,250690,0,0.29,75.59
France,2000,Wind,41553.64,37031.08,4944095096.58,416156.41,549105.36,937281,1,0.21,45.1
France,2000,Wind,37182.66,1227.87,5796309684.07,118719.53,935098.99,883303,0,0.4,94.15
France,2000,Wind,62018.83,42437.27,7129149850.16,104394.37,595145.8,36965,0,0.14,81.98
France,2000,Wind,69223.64,30053.49,7618095570.67,973003.94,780476.82,605660,1,0.2,72.62
France,2000,Wind,70532.96,1388.35,6160326841.71,728391.45,762174.85,968182,0,0.11,77.18
France,2000,Wind,74584.15,34817.3,2031265830.65,679526.11,501263.25,680165,0,0.21,18.41
France,2001,Biomass,92316.07,41822.65,8638613385.62,332718.66,800999.66,529486,0,0.32,63.1
France,2001,Geothermal,84294.04,26925.03,3776283773.63,369685.26,29061.63,249779,0,0.18,45.27
France,2001,Geothermal,50236.48,11557.31,1370375497.56,546625.42,240983.75,440642,0,0.21,5.0
France,2001,Geothermal,61649.83,19393.67,1803620763.68,338028.36,615085.21,426270,0,0.25,53.2
France,2001,Geothermal,6716.52,18468.34,8061005566.8,214818.87,168977.2,510364,1,0.06,1.37
France,2001,Hydro,17795.13,8663.45,6392220475.22,731653.66,293997.01,9094,1,0.18,95.91
France,2001,Hydro,38446.96,10689.6,1611506060.24,822698.69,315979.0,764555,1,0.24,58.97
France,2001,Hydro,89752.41,48588.64,1597434536.64,627156.43,267984.96,65137,1,0.35,26.47
France,2001,Hydro,28856.27,22103.88,7782184919.21,988197.64,675308.43,437420,1,0.46,46.05
France,2001,Hydro,19371.52,1601.55,5191206341.33,712476.59,971348.14,232658,0,0.08,54.08
France,2001,Solar,71069.89,23326.49,6762583597.23,337378.73,668370.39,21663,1,0.1,89.61
France,2001,Solar,59212.79,17685.84,7363052075.07,258192.07,800396.57,256042,0,0.23,99.57
France,2001,Wind,78295.97,38017.5,3833318641.19,689794.79,172335.22,33859,1,0.41,2.42
France,2001,Wind,18698.15,34643.8,4219199449.81,574725.68,826215.85,485969,0,0.12,70.58
France,2002,Biomass,39464.03,5822.17,5356071953.71,181051.85,9878.84,502472,1,0.16,91.77
France,2002,Biomass,31491.53,1272.02,8206390809.55,370053.07,109098.79,16753,0,0.41,34.62
France,2002,Biomass,4620.13,26962.85,1565456582.62,630784.15,695933.92,567412,1,0.11,86.72
France,2002,Geothermal,49860.68,33298.8,6641389647.05,383570.28,617177.2,670363,1,0.42,8.0
France,2002,Hydro,12976.49,25952.44,36905021.14,236108.5,113876.77,90007,0,0.39,39.8
France,2002,Hydro,18200.05,33611.58,7337585411.52,302879.87,74699.24,482404,1,0.11,50.65
France,2002,Hydro,22622.52,2521.91,2710993969.03,125758.08,857210.25,191992,0,0.2,69.64
France,2002,Solar,77372.37,46303.18,8404448191.76,88064.63,47936.98,77299,0,0.44,84.26
France,2002,Solar,56107.54,20348.51,3082788707.04,893955.46,403253.3,113067,1,0.35,13.45
France,2002,Solar,5369.11,2978.87,1264798134.67,494959.92,813606.45,960010,0,0.47,32.87
France,2002,Solar,87679.01,23658.49,6480272126.28,21137.76,79222.33,724891,0,0.25,14.23
France,2002,Solar,60883.1,45832.08,7786173412.13,286338.9,788174.49,91544,0,0.41,63.78
France,2002,Solar,40437.29,17215.87,3913289866.45,120676.77,733552.61,257407,1,0.17,11.37
France,2002,Solar,10225.07,24507.44,6904155666.18,369071.8,939604.01,243627,1,0.07,92.81
France,2002,Solar,56280.12,45307.67,6260181034.55,742952.13,325650.89,639079,0,0.29,24.02
France,2002,Wind,26401.98,16845.96,1205518859.5,844202.47,138301.79,772427,1,0.11,64.66
France,2002,Wind,21157.25,40081.29,6078953901.29,798724.36,46745.98,202941,1,0.17,14.56
France,2002,Wind,37078.46,40639.82,9049422890.01,145118.19,319980.62,1320,0,0.44,65.72
France,2002,Wind,92030.33,25512.74,1367900335.1,970124.88,395151.22,399949,0,0.23,53.96
France,2003,Biomass,99181.0,14391.29,1322930047.95,36329.82,313250.75,448306,0,0.16,99.83
France,2003,Biomass,34286.13,1121.25,7310745858.62,897040.52,954835.31,700992,0,0.22,63.16
France,2003,Geothermal,9296.29,47662.86,8094899650.38,388826.8,45876.14,245770,0,0.46,98.65
France,2003,Geothermal,94880.27,30114.44,5844965795.43,142098.66,685852.13,800140,1,0.27,93.4
France,2003,Geothermal,62180.41,9350.34,2291851888.24,304637.4,658460.62,162962,1,0.37,63.85
France,2003,Geothermal,32055.24,20991.08,9715740883.31,441685.75,357537.59,842383,0,0.3,12.04
France,2003,Hydro,75717.86,1600.98,8187961879.23,231819.79,939513.31,283902,0,0.38,30.49
France,2003,Solar,79426.01,11850.82,4071258056.47,902433.14,879209.6,479209,1,0.3,90.43
France,2003,Wind,94246.11,33440.97,9259676518.24,908624.43,141162.69,981013,1,0.36,59.32
France,2003,Wind,60974.96,3738.29,8112190408.56,580786.14,954468.32,563169,0,0.28,0.89
France,2003,Wind,55383.08,14789.64,5852506182.43,128570.91,609921.75,807428,0,0.42,57.92
France,2003,Wind,4286.14,43328.31,4695085386.85,821675.95,917131.14,187694,0,0.35,82.02
France,2003,Wind,57186.03,35288.05,4503133897.57,162908.41,180972.99,308901,0,0.41,26.44
France,2004,Biomass,36941.07,11080.36,7384764978.3,540840.2,178452.27,158320,1,0.36,42.33
France,2004,Biomass,53305.94,33554.85,855706103.32,546015.52,421260.08,400166,0,0.46,57.98
France,2004,Geothermal,23995.25,15831.36,8815578142.9,70332.1,55625.88,311121,1,0.06,65.25
France,2004,Geothermal,94969.6,14742.06,7864948396.07,399368.49,128030.44,322276,0,0.11,43.91
France,2004,Geothermal,65509.44,20859.65,553404372.66,206177.59,823781.4,724153,0,0.06,23.46
France,2004,Geothermal,50791.17,49441.78,1265123327.63,673374.74,587601.46,569251,0,0.06,14.16
France,2004,Hydro,80487.3,33914.57,9160522706.62,268929.88,28332.66,991790,0,0.31,42.24
France,2004,Hydro,39860.2,12695.15,164662736.8,477839.58,148167.98,180459,0,0.38,7.19
France,2004,Hydro,95900.49,7663.9,4003215369.31,552054.73,260950.51,62329,1,0.2,86.2
France,2004,Hydro,66909.58,3328.77,3336327267.58,92489.65,607896.16,93793,0,0.34,45.9
France,2004,Solar,41950.52,32363.47,4262243522.4,983122.06,811834.19,917647,0,0.35,33.21
France,2004,Solar,51753.59,655.02,3638232086.18,693458.29,181280.49,415325,1,0.16,11.35
France,2004,Wind,84722.34,28543.6,3499257122.45,272460.8,256249.39,991569,0,0.06,50.51
France,2005,Biomass,41721.03,16363.84,1205239389.3,577155.81,677762.47,506664,0,0.2,86.61
France,2005,Biomass,23200.46,48610.17,6616160767.87,836937.22,808987.21,588239,1,0.36,76.61
France,2005,Geothermal,86174.01,40042.61,3765310091.86,36342.78,492200.97,679953,1,0.3,12.01
France,2005,Geothermal,65242.21,49822.82,3837394063.63,388519.89,128770.01,151938,1,0.2,21.22
France,2005,Geothermal,61549.27,9839.32,5688318832.23,209962.96,342870.1,859785,1,0.43,73.93
France,2005,Hydro,87452.31,1284.42,6958709429.89,896267.93,201784.93,642366,1,0.17,55.66
France,2006,Biomass,98170.33,10530.66,3811028114.48,268792.23,137638.51,229661,0,0.37,50.6
France,2006,Biomass,23138.98,30866.92,6915158645.85,919205.3,849803.39,493774,0,0.43,13.22
France,2006,Biomass,82503.95,21182.02,878091309.44,526588.69,370635.39,849945,1,0.43,44.2
France,2006,Geothermal,91405.11,21660.34,5725878560.99,635203.49,350474.98,185210,1,0.44,92.77
France,2006,Geothermal,61850.58,49454.81,5086814747.39,297923.48,748023.83,647711,1,0.15,92.95
France,2006,Geothermal,49167.54,24337.65,1781564174.85,19864.26,548181.13,241886,0,0.46,8.84
France,2006,Geothermal,25466.79,48108.85,5150005151.72,947556.06,852408.15,614005,1,0.29,63.91
France,2006,Hydro,55219.32,39942.12,205998909.04,550744.07,736212.17,36618,0,0.39,39.5
France,2006,Solar,20951.51,44094.28,5525934411.49,434195.88,759966.22,393900,0,0.12,30.89
France,2006,Solar,65454.61,42150.81,5464811225.7,509017.83,992651.17,585524,1,0.3,15.18
France,2006,Solar,39025.76,38199.32,1685319793.87,714549.83,835743.65,513621,1,0.47,62.94
France,2006,Solar,6467.79,14642.52,2351369692.12,726011.13,213790.26,956429,1,0.44,55.17
France,2006,Solar,31494.38,30718.56,5172980587.18,93843.64,27455.44,905018,0,0.07,38.61
France,2006,Wind,71351.05,43880.03,507867331.68,765262.81,616417.55,722981,0,0.49,75.95
France,2007,Biomass,20582.99,5428.14,8922470632.83,966931.27,841737.53,860957,1,0.42,83.08
France,2007,Biomass,81081.63,22358.21,1921633363.03,209625.1,862891.71,761496,1,0.13,57.44
France,2007,Biomass,85058.09,48864.03,8328534796.67,925040.23,827176.44,477609,0,0.21,83.67
France,2007,Geothermal,26330.75,38615.81,4286777895.15,911740.49,828475.84,355464,0,0.48,16.13
France,2007,Geothermal,75841.21,47729.74,9449947415.66,704887.28,497888.49,229840,0,0.45,61.99
France,2007,Geothermal,61453.18,37057.33,1507114317.24,378848.45,85092.46,408169,1,0.3,43.55
France,2007,Geothermal,41381.13,25124.13,9184435392.33,641348.99,633908.47,8679,0,0.2,84.21
France,2007,Geothermal,44624.72,14449.57,2100778891.94,919536.25,912046.99,250156,1,0.31,53.59
France,2007,Hydro,48874.58,46144.39,4455609117.92,245828.79,52246.91,241708,1,0.23,89.83
France,2007,Hydro,26792.83,21770.49,9913593654.68,173867.76,344116.31,768319,0,0.14,51.12
France,2007,Solar,35519.63,38645.34,4331865930.41,723263.52,950255.87,651433,1,0.33,44.62
France,2007,Solar,55180.46,22171.66,4770626960.26,327943.14,502595.88,300047,0,0.11,65.99
France,2007,Solar,87518.13,2162.56,6068886570.26,537558.08,881841.48,281973,0,0.26,62.69
France,2007,Solar,26548.6,47561.92,5931337501.35,188448.96,725959.08,624243,0,0.46,46.54
France,2007,Wind,4793.38,44466.95,4207639937.48,896047.22,32843.84,634067,0,0.22,63.88
France,2008,Biomass,1072.71,7822.08,8371581376.8,931958.52,676454.45,921555,1,0.48,0.03
France,2008,Biomass,33298.66,22616.38,1659961922.61,651910.22,883790.09,474766,0,0.2,91.07
France,2008,Geothermal,54697.86,38793.34,1902564837.82,119906.84,479597.76,668267,0,0.06,85.6
France,2008,Geothermal,40080.89,40472.78,1206423683.11,693404.69,6476.74,322292,0,0.34,71.12
France,2008,Hydro,17930.08,23859.1,1241240417.39,478946.83,164675.23,415694,1,0.36,95.92
France,2008,Hydro,6306.77,1221.2,7780932224.32,846797.72,394284.33,650224,0,0.44,79.25
France,2008,Hydro,40590.99,46941.26,640942161.79,625858.32,180822.56,994266,1,0.15,18.91
France,2008,Hydro,21556.01,29785.3,5728263514.32,552680.58,111131.02,800358,1,0.1,7.59
France,2008,Hydro,1570.52,24186.89,7043114585.42,999309.43,158158.55,228187,0,0.14,63.85
France,2008,Solar,7818.13,42475.54,4452331955.08,594882.89,243025.35,636539,0,0.37,22.16
France,2008,Wind,58067.92,17943.25,8134754408.2,769133.59,238608.62,880736,0,0.18,97.65
France,2008,Wind,6034.68,21762.17,831904675.03,786365.37,456292.6,803032,1,0.33,81.18
France,2008,Wind,90589.33,24891.61,2102380427.45,121346.14,461616.57,317466,0,0.09,28.33
France,2009,Biomass,11696.82,30082.35,8059943877.24,315103.55,151739.68,137896,1,0.13,48.07
France,2009,Biomass,62362.91,2597.76,7755706703.37,277998.26,928303.52,263352,1,0.05,10.4
France,2009,Geothermal,37177.34,44781.4,9580633643.63,722017.84,687706.42,26515,1,0.17,11.88
France,2009,Hydro,12492.73,34196.33,6028003192.0,325367.06,438860.36,73761,1,0.12,32.14
France,2009,Hydro,51192.88,16913.14,2957647158.23,64214.93,738731.08,657080,0,0.27,99.0
France,2009,Wind,81776.59,30921.25,3888148722.34,433801.07,855306.12,915339,0,0.44,13.11
France,2009,Wind,33756.52,27328.28,527583946.09,706372.61,383399.48,512101,0,0.3,47.98
France,2009,Wind,20886.56,35655.71,1096683173.39,291359.85,902086.18,770769,1,0.17,17.85
France,2009,Wind,68860.85,27355.77,553662935.85,373246.72,344296.91,682351,0,0.26,38.03
France,2009,Wind,94101.55,35791.71,9337089526.09,196749.65,386000.59,448018,1,0.09,78.79
France,2009,Wind,33548.35,28113.88,7603906366.59,591203.79,542431.14,826173,0,0.14,46.2
France,2010,Biomass,25059.91,1433.39,6039510224.63,731713.58,160497.28,858802,1,0.21,27.58
France,2010,Biomass,63144.38,28321.58,399806747.77,439326.97,890852.89,946339,0,0.34,1.32
France,2010,Biomass,46258.19,42190.51,7838325391.97,382612.23,7971.37,204923,1,0.25,48.91
France,2010,Biomass,39502.43,41681.56,2905291378.29,202493.48,763004.93,675600,1,0.17,20.15
France,2010,Geothermal,62387.57,21564.62,7535222387.45,67563.89,217082.03,529241,1,0.41,32.26
France,2010,Geothermal,32326.92,6862.15,2570741646.84,752931.08,946307.44,781881,0,0.44,5.38
France,2010,Geothermal,74090.09,20834.61,8747667898.45,581969.38,641058.73,353273,1,0.19,8.18
France,2010,Geothermal,55751.58,25967.37,3063423196.81,144440.81,521881.04,308653,1,0.16,78.75
France,2010,Hydro,10968.96,40584.0,5778397426.86,909350.53,349863.76,935392,1,0.33,61.89
France,2010,Hydro,66092.51,28044.19,8622074262.82,477000.6,549901.49,492376,1,0.39,53.09
France,2010,Hydro,13035.6,22890.62,2736650391.47,673214.51,667485.9,614243,0,0.15,91.53
France,2010,Solar,55768.29,23181.5,6066280234.99,575553.95,936092.58,654792,1,0.05,99.59
France,2010,Solar,78534.71,2144.95,2256747948.19,481800.6,747906.69,283183,1,0.07,47.95
France,2010,Solar,12469.77,26525.74,2961678510.22,870783.19,856327.98,860069,0,0.29,40.51
France,2010,Solar,16851.86,29291.14,8892920158.74,689533.13,988480.4,335510,1,0.06,83.31
France,2010,Wind,23767.62,43241.43,6887228058.66,766845.27,608237.94,835546,1,0.19,21.3
France,2010,Wind,4626.27,20472.71,5873094979.0,22076.29,585350.94,145905,1,0.06,32.72
France,2010,Wind,94811.01,22456.48,9882844037.01,724679.8,732668.51,873948,0,0.16,8.83
France,2010,Wind,85201.24,33833.11,8997033791.1,225365.42,149263.86,568014,1,0.46,9.67
France,2010,Wind,46863.55,23262.33,1285577768.46,70898.77,914174.43,126718,0,0.41,84.42
France,2011,Biomass,78962.17,14834.71,9209311893.93,163863.61,226202.12,254695,0,0.47,91.69
France,2011,Biomass,54646.35,35535.6,5948972550.54,610350.36,57526.18,506905,0,0.2,66.52
France,2011,Geothermal,1852.79,30015.86,4128687307.43,90864.15,397269.03,978458,0,0.24,0.37
France,2011,Geothermal,40252.03,2125.73,382020770.3,167827.14,574971.25,330934,0,0.27,86.4
France,2011,Hydro,1642.76,41772.73,9855688940.38,369009.58,392989.91,589495,1,0.13,99.46
France,2011,Solar,31315.67,49879.33,4339394036.47,574171.13,206264.27,353519,0,0.27,55.12
France,2011,Solar,26214.47,42776.77,3473815729.76,233044.81,69279.18,239222,0,0.12,76.42
France,2011,Solar,18500.26,5934.84,3595440884.71,122893.51,469211.65,296961,0,0.23,77.56
France,2011,Solar,66885.34,18697.31,8410058395.54,244150.72,584434.34,270281,0,0.5,69.81
France,2011,Solar,99030.31,22314.21,2402546832.77,305020.03,406089.98,506853,0,0.16,48.54
France,2011,Wind,86452.43,43943.25,7666396267.73,909003.94,116924.29,233404,1,0.32,88.87
France,2011,Wind,99702.81,18485.98,4491184691.85,318730.5,23012.53,35903,1,0.07,94.23
France,2012,Biomass,22821.44,42455.15,642193055.28,771035.94,282434.92,560918,1,0.28,53.76
France,2012,Biomass,96972.05,10463.95,581901738.74,769567.8,218742.93,68510,1,0.06,81.26
France,2012,Biomass,2354.48,34802.5,7919443822.55,999113.02,286399.7,909554,0,0.34,64.06
France,2012,Biomass,92877.22,8654.98,636129999.9,446351.25,229897.75,762730,1,0.11,19.46
France,2012,Geothermal,9844.11,35605.55,2807463321.69,339022.76,770866.67,743062,1,0.32,8.4
France,2012,Hydro,26620.66,8539.74,3720664752.57,96142.21,834651.78,961075,1,0.21,12.14
France,2012,Hydro,3579.35,42057.31,8471887242.31,104582.91,131544.32,303460,1,0.26,21.32
France,2012,Solar,71528.43,45778.01,7152371972.47,488752.89,919381.03,288818,0,0.3,58.51
France,2012,Solar,58374.81,328.09,3919368982.18,946755.18,853831.77,789403,1,0.15,84.69
France,2012,Wind,25452.49,26538.11,5596773216.95,329847.09,888586.77,393566,0,0.35,7.72
France,2013,Biomass,45621.53,14941.85,2902262098.71,853893.52,576336.79,106628,0,0.12,10.8
France,2013,Biomass,42865.56,34901.18,1122356314.81,706139.44,961546.02,543466,0,0.45,41.75
France,2013,Hydro,64477.11,25920.13,8207232332.53,84267.25,991831.62,751019,1,0.38,60.89
France,2013,Solar,66038.2,6092.64,2861783262.52,920732.19,135520.77,997429,1,0.34,46.77
France,2013,Wind,80566.99,17529.67,1332041675.98,75947.19,598716.36,335326,0,0.1,95.59
France,2014,Biomass,23108.14,29243.01,6111773586.92,753859.38,546486.51,245221,0,0.15,71.12
France,2014,Biomass,73627.48,18307.46,1717783053.71,240319.44,725561.81,797570,1,0.05,68.05
France,2014,Biomass,73253.97,25140.45,2150900060.52,344776.22,490109.54,939636,1,0.41,5.74
France,2014,Geothermal,33928.5,23373.03,159466624.95,366332.15,317741.82,507478,1,0.17,34.35
France,2014,Geothermal,32175.27,17351.82,315611977.91,694723.9,601592.96,114463,1,0.49,85.05
France,2014,Hydro,73089.9,25150.88,9638720734.07,93398.55,304675.33,792923,0,0.24,92.54
France,2014,Hydro,66793.23,41671.02,618487454.14,687234.78,972791.41,27403,1,0.4,0.14
France,2014,Solar,43969.68,15713.42,6996068074.2,671660.55,114813.2,587650,0,0.21,71.88
France,2014,Solar,23475.58,26126.98,5969154830.02,455239.03,878263.38,399222,1,0.49,43.16
France,2014,Wind,27027.16,2219.17,4412845487.77,829641.4,817659.02,241186,0,0.21,38.55
France,2014,Wind,79449.15,2202.88,3442050418.8,893363.62,801731.56,282960,0,0.4,82.04
France,2014,Wind,72878.74,8467.59,5416676353.63,423945.84,88419.06,632364,0,0.29,38.78
France,2014,Wind,41749.58,17165.97,6255245160.38,577771.37,159204.21,191388,1,0.1,59.39
France,2015,Biomass,35747.15,11408.69,9918204882.9,746144.53,232158.03,436217,0,0.05,56.17
France,2015,Biomass,58687.42,21736.38,5999943937.86,383070.73,274918.14,563205,0,0.09,48.52
France,2015,Geothermal,77039.46,35551.87,1039119016.46,223661.53,733206.18,29336,1,0.05,65.79
France,2015,Hydro,60449.79,19261.95,5000630709.58,845112.69,671418.24,990592,0,0.41,17.46
France,2015,Solar,94798.63,47275.35,5547693023.77,279778.03,491874.11,256872,1,0.28,43.69
France,2015,Solar,8046.49,46698.82,9615538449.59,794651.76,975095.86,108434,0,0.05,52.46
France,2015,Wind,90760.46,30177.28,9010067585.97,893323.76,711197.27,593775,1,0.39,36.88
France,2016,Biomass,79153.9,21787.45,1526073573.16,105208.19,408140.06,859757,1,0.23,25.49
France,2016,Biomass,13782.68,3526.36,1573784437.22,362022.22,603329.98,651981,1,0.47,30.06
France,2016,Biomass,48442.6,7264.73,2127113844.87,613734.87,493501.51,667668,0,0.18,20.99
France,2016,Geothermal,35500.93,21641.12,6536709907.42,900372.55,298629.85,462594,1,0.39,17.55
France,2016,Geothermal,7518.32,20430.4,6206818888.19,116303.52,922277.25,365926,0,0.21,35.23
France,2016,Hydro,77381.66,17711.19,5921740352.87,457015.43,455641.21,93357,1,0.38,11.08
France,2016,Hydro,62708.73,49879.65,9934769046.83,202043.66,527445.34,813098,1,0.2,51.76
France,2016,Hydro,57625.57,8064.16,3676890886.96,446270.16,33929.69,887019,1,0.12,3.55
France,2016,Solar,43809.09,31582.48,597427117.64,778056.5,999816.5,731547,0,0.29,99.68
France,2016,Solar,39868.35,25985.1,9031781815.11,588786.4,376607.33,215708,0,0.09,49.07
France,2016,Wind,35669.11,46240.82,6248673036.11,517895.5,572866.86,82005,0,0.46,98.55
France,2016,Wind,13992.87,23572.64,2620882006.41,131912.27,495563.82,615749,0,0.29,22.33
France,2017,Biomass,75944.44,8885.36,5076998906.11,516180.71,973942.55,112207,1,0.39,59.04
France,2017,Biomass,70812.31,27215.27,6256069919.25,636478.58,364217.59,924355,1,0.5,24.18
France,2017,Biomass,74977.57,27813.65,9101547537.0,121701.12,381615.09,884274,1,0.13,93.82
France,2017,Geothermal,57918.84,14800.49,1729022566.42,273336.87,123935.98,666142,0,0.25,88.07
France,2017,Geothermal,32850.94,33230.47,7154363868.81,577467.2,92948.76,574385,1,0.44,83.63
France,2017,Hydro,30308.9,42443.14,4855789361.89,581412.06,162802.0,675585,0,0.41,71.2
France,2017,Solar,96388.89,47257.53,8196587973.67,245549.73,436502.68,366194,1,0.34,98.3
France,2017,Wind,30824.65,36298.52,864455661.03,11155.14,952651.29,832722,1,0.2,40.6
France,2017,Wind,50268.63,31047.0,1769182140.06,120157.86,807875.18,834687,0,0.14,14.36
France,2017,Wind,81646.65,28458.27,4608725826.62,215173.02,408752.08,153465,1,0.25,3.39
France,2018,Biomass,78242.36,6421.09,9063623727.54,539177.94,462296.74,425566,1,0.37,85.85
France,2018,Biomass,75906.46,25794.19,4320818750.24,612919.46,748443.02,388927,0,0.47,32.94
France,2018,Biomass,4686.09,17547.55,2460289592.63,332658.66,354239.76,654399,1,0.43,41.06
France,2018,Biomass,30186.21,26788.5,2628409972.98,626901.71,838204.74,228042,0,0.4,58.34
France,2018,Geothermal,99283.28,35521.59,4071291300.86,979096.83,720230.99,274703,1,0.16,16.27
France,2018,Geothermal,79329.96,49466.83,2406790659.26,659347.96,239951.33,363241,0,0.18,90.83
France,2018,Hydro,25983.44,35714.78,2627041959.93,745572.78,891317.23,352081,1,0.41,37.02
France,2018,Hydro,39683.69,43735.85,5865320282.2,946222.59,585680.52,821708,1,0.34,86.55
France,2018,Hydro,54977.65,11341.03,6256784693.53,304016.39,11825.96,286503,1,0.38,86.41
France,2018,Solar,36387.44,43257.53,2658409026.39,167085.23,172763.11,689924,1,0.38,37.11
France,2018,Solar,52786.87,18092.36,7263171862.47,360581.31,310395.74,526096,0,0.07,12.92
France,2018,Solar,77349.91,7715.83,4033084602.25,985799.57,525790.57,237025,0,0.11,66.81
France,2018,Solar,71636.92,42250.6,5896006072.17,238348.38,725038.6,437003,1,0.26,79.62
France,2018,Solar,62927.03,36896.47,4766532635.09,108770.23,732424.94,937196,1,0.41,46.93
France,2018,Solar,6542.46,8615.13,8142536819.86,579076.4,357941.44,111572,0,0.13,5.41
France,2018,Solar,97405.2,20311.39,473669529.23,368659.28,783834.99,980102,1,0.24,29.91
France,2018,Solar,63165.51,47933.18,5644758366.9,669595.26,898426.91,404090,0,0.23,13.09
France,2018,Solar,54737.94,23405.41,7450906601.1,971754.63,807691.6,835032,1,0.42,25.13
France,2018,Wind,5760.02,42341.55,9429840798.33,189051.93,508720.16,277171,1,0.09,32.34
France,2018,Wind,68415.93,34598.87,9550288884.53,975798.56,856642.39,419685,1,0.09,56.4
France,2018,Wind,66922.27,20850.81,2425027780.33,959996.29,11529.8,825619,1,0.28,22.17
France,2018,Wind,56675.49,42267.17,3478129586.26,65635.87,161981.74,457509,0,0.22,67.32
France,2019,Biomass,65671.92,21519.15,6876656142.59,547526.71,780627.17,124920,1,0.44,73.18
France,2019,Biomass,22154.18,23907.02,8487020088.38,975813.96,837652.73,426216,1,0.11,20.65
France,2019,Biomass,37166.48,20686.83,2321178922.11,186234.12,727794.45,928927,0,0.49,68.89
France,2019,Geothermal,69836.52,14442.09,4437367019.84,907628.87,589188.93,624436,0,0.21,23.78
France,2019,Geothermal,87742.79,27072.71,7138460895.57,425491.78,381850.0,412317,0,0.33,71.27
France,2019,Geothermal,18633.14,38335.62,4480026576.78,829962.42,860740.94,200556,1,0.22,41.2
France,2019,Geothermal,52851.69,11771.19,7336958423.28,386930.92,72018.32,408542,1,0.32,79.78
France,2019,Hydro,20740.34,28299.99,5766505603.08,717277.12,646703.41,88578,0,0.38,25.08
France,2019,Solar,28474.76,24303.23,21020901.66,495218.35,547101.92,991941,0,0.45,69.04
France,2019,Solar,73558.32,21480.49,5081037102.18,662194.59,296079.4,836575,0,0.43,95.65
France,2019,Solar,13206.28,9431.56,7090542967.23,138146.45,735880.88,114584,0,0.43,37.99
France,2019,Wind,16562.53,38823.33,6004854834.74,373829.29,838262.25,691044,0,0.34,62.91
France,2020,Biomass,57674.8,42080.76,5517728310.89,882270.79,719165.83,420589,1,0.33,99.18
France,2020,Biomass,1895.82,29686.76,2803978047.05,39772.2,118316.46,551518,1,0.23,16.96
France,2020,Geothermal,98742.6,34100.3,2068387584.21,993542.31,627212.85,749736,1,0.4,9.51
France,2020,Geothermal,31675.91,2282.16,6270653696.89,885568.79,870613.54,222134,1,0.43,77.73
France,2020,Wind,50361.43,29293.25,7700114467.28,726487.35,298153.53,585584,0,0.33,48.91
France,2020,Wind,6334.26,48185.75,2536793574.98,420985.19,148056.0,665272,0,0.33,15.74
France,2021,Biomass,93024.18,30487.53,1598758824.7,596354.82,107632.77,648945,1,0.42,6.08
France,2021,Biomass,48087.7,25143.59,8127802158.95,703136.75,201778.9,988894,1,0.34,30.15
France,2021,Hydro,24540.25,41163.79,9652646896.78,870539.16,778405.12,577633,1,0.26,28.94
France,2021,Hydro,26308.11,42560.66,5832349996.16,401391.29,373675.74,722420,0,0.38,8.35
France,2021,Solar,15874.37,37065.22,9695986802.76,362843.46,495040.02,49980,1,0.2,91.2
France,2021,Solar,14598.73,39567.07,5376493091.9,456896.71,860530.58,790654,0,0.49,68.71
France,2021,Solar,45519.91,21199.41,4051048589.12,675601.68,700293.77,730227,1,0.12,46.99
France,2021,Solar,48114.41,23573.79,5267315310.27,549310.89,558512.7,353560,1,0.36,45.85
France,2021,Wind,92544.93,40990.94,8762458349.84,73010.2,648657.41,641727,1,0.48,85.5
France,2021,Wind,80825.98,567.81,3416481865.83,666359.07,780845.81,312356,0,0.42,33.95
France,2021,Wind,4671.63,37232.08,2137821099.17,443818.94,404058.76,593020,0,0.29,71.5
France,2022,Biomass,4829.84,38358.5,4071850501.5,348845.39,229150.43,671380,1,0.18,95.37
France,2022,Biomass,49270.12,13233.38,2319325083.46,75990.43,256060.86,68976,0,0.09,9.26
France,2022,Biomass,29830.26,11041.78,9395590010.56,727271.0,615494.16,816126,0,0.17,74.52
France,2022,Geothermal,99171.15,16288.04,5602457175.34,205209.39,736994.09,735536,1,0.14,80.03
France,2022,Hydro,92816.35,48959.55,634975347.17,788782.72,152520.01,65651,0,0.15,47.13
France,2022,Hydro,82498.2,28717.26,5793471441.89,466517.92,922885.27,25452,1,0.09,62.18
France,2022,Hydro,24635.6,13223.02,2343567240.91,706951.55,179169.51,555500,1,0.18,89.96
France,2022,Solar,54613.45,26607.69,9392059357.3,698817.59,31141.53,690127,0,0.27,2.3
France,2022,Solar,16095.34,18834.4,2443689231.28,708859.7,37535.33,134079,1,0.29,74.51
France,2022,Solar,38020.47,9691.26,2018233026.16,97882.89,221284.94,435072,1,0.27,47.28
France,2022,Solar,66467.23,40867.56,1876380517.96,864791.63,954393.3,186003,1,0.3,95.97
France,2022,Wind,60133.71,32085.87,7651032903.88,812451.1,888056.81,641188,0,0.44,78.25
France,2022,Wind,8118.77,31558.33,2932029525.3,738818.24,740000.23,620654,0,0.48,52.63
France,2023,Biomass,38894.7,35791.6,3995855053.19,849539.62,729888.96,13802,1,0.38,68.33
France,2023,Biomass,40473.1,40487.27,1391570840.45,353389.3,977735.7,858632,1,0.11,25.08
France,2023,Biomass,45119.21,13800.76,9243946332.54,607122.97,97459.74,232304,1,0.25,58.68
France,2023,Biomass,86536.13,27092.17,7199264483.08,95629.76,168616.4,588646,0,0.45,78.83
France,2023,Geothermal,72358.1,18049.02,7751321375.7,616900.18,462873.8,602539,0,0.12,73.66
France,2023,Geothermal,68782.09,47636.65,6930750891.34,179960.21,969344.66,608417,1,0.29,41.22
France,2023,Geothermal,59459.31,26080.41,7017784344.79,284938.47,380879.31,466983,0,0.24,14.25
France,2023,Hydro,20857.2,34650.27,144203277.08,7814.3,998982.34,165417,1,0.22,36.79
France,2023,Hydro,3681.68,30205.98,881548116.22,658663.04,721535.81,43943,0,0.16,16.99
France,2023,Hydro,82661.73,17246.39,5036736777.74,941633.55,682807.56,486918,0,0.16,43.29
France,2023,Solar,13943.24,31270.39,5941298238.3,124475.28,147075.25,84047,1,0.47,63.34
France,2023,Wind,32362.61,16073.55,4247532250.5,348052.2,629035.82,207088,0,0.34,68.62
Germany,2000,Biomass,92070.54,24065.19,5523800471.94,241523.75,325889.36,494841,0,0.47,59.82
Germany,2000,Biomass,37896.35,46871.81,539614232.52,519390.62,757138.13,152179,1,0.22,58.36
Germany,2000,Biomass,57493.84,31312.89,829598213.64,783677.09,33714.17,229807,1,0.36,39.91
Germany,2000,Geothermal,24311.42,4938.05,6808147340.94,650916.59,222408.52,219330,0,0.42,61.42
Germany,2000,Hydro,10551.33,30600.18,287891010.1,398149.91,936568.01,715910,0,0.17,63.51
Germany,2000,Hydro,4558.99,3063.62,5487095155.25,989142.06,693137.51,367038,1,0.08,1.62
Germany,2000,Hydro,69585.34,19633.14,2280666676.24,895779.18,286845.58,282525,1,0.33,56.33
Germany,2000,Hydro,76741.76,8017.77,4386369788.7,191765.56,932180.48,509169,1,0.32,71.17
Germany,2000,Solar,22528.8,37446.11,404814177.97,723533.72,964157.39,290093,1,0.23,17.41
Germany,2000,Solar,61644.43,18043.89,6797117118.4,388395.62,876493.15,375364,0,0.2,20.69
Germany,2001,Biomass,61941.44,21790.47,9874263034.92,210171.99,351054.65,25986,1,0.44,27.28
Germany,2001,Hydro,83128.3,41791.28,3533926670.97,405651.53,71881.14,31863,1,0.38,96.61
Germany,2001,Hydro,43988.74,30274.41,9341658487.85,393202.17,86831.83,877370,1,0.46,90.05
Germany,2001,Hydro,5416.98,33445.28,7211532980.06,769800.66,830244.78,213966,1,0.46,88.65
Germany,2001,Solar,97798.24,3392.87,4719951094.59,206032.1,965863.68,461769,0,0.28,99.14
Germany,2002,Geothermal,41939.12,27277.94,7498994252.54,195155.13,614664.88,485460,1,0.11,81.28
Germany,2002,Geothermal,32463.46,27942.64,2451256510.87,462521.33,731865.56,907222,1,0.26,63.67
Germany,2002,Hydro,53131.54,1720.84,6707761616.17,295566.85,849250.94,988115,1,0.19,87.12
Germany,2002,Solar,2101.0,33352.62,6889130020.81,664750.36,55720.07,932784,0,0.11,20.55
Germany,2002,Solar,37832.46,13903.28,6634838646.03,393841.05,366404.87,680661,0,0.08,54.14
Germany,2002,Wind,3515.85,26439.04,5976202996.92,643774.81,328861.06,556509,0,0.45,81.91
Germany,2002,Wind,4772.59,16608.08,1738982448.82,336971.81,825068.58,847212,0,0.25,73.14
Germany,2002,Wind,88257.04,6677.65,353086030.86,821371.82,227691.69,483295,1,0.48,96.48
Germany,2003,Biomass,5285.86,24022.22,8594036529.2,462692.05,290952.07,166565,1,0.31,36.61
Germany,2003,Biomass,39995.93,21437.06,9528507894.5,466232.48,928450.2,293132,0,0.32,12.53
Germany,2003,Biomass,10865.67,41569.49,6085455632.0,653422.16,126355.53,989137,0,0.12,34.93
Germany,2003,Geothermal,16877.35,17020.33,6890713389.11,922882.43,225624.67,673542,0,0.47,15.7
Germany,2003,Geothermal,5826.41,45318.22,8775909265.39,787643.37,88756.87,261019,0,0.41,30.58
Germany,2003,Hydro,48707.47,31814.45,2208248585.64,784278.74,918144.22,162155,1,0.21,92.41
Germany,2003,Solar,73627.88,41479.83,1217189974.2,15915.9,366829.61,268866,0,0.39,87.4
Germany,2003,Solar,19433.3,24533.71,1726441058.74,669034.64,670908.08,405173,1,0.38,22.76
Germany,2003,Solar,81326.28,23764.19,4071323706.54,790301.01,847936.41,379723,1,0.05,14.98
Germany,2003,Wind,16836.77,45138.88,6270184921.04,645014.77,833162.61,656982,0,0.25,85.89
Germany,2003,Wind,71178.71,3958.74,5244769943.59,718177.18,947578.72,933950,1,0.42,94.6
Germany,2003,Wind,7770.05,45501.99,2454350752.54,385012.53,498176.78,420562,0,0.17,12.86
Germany,2003,Wind,54573.16,46592.29,3139694328.77,103446.94,615412.85,806386,1,0.24,21.58
Germany,2004,Biomass,46299.42,20959.17,5198927665.61,223037.59,980134.31,215557,0,0.25,77.61
Germany,2004,Biomass,21525.4,14013.56,6229234441.86,295873.69,301622.37,929414,1,0.38,92.76
Germany,2004,Hydro,51595.88,19212.52,7604382126.63,543336.17,125550.65,693115,1,0.15,5.77
Germany,2004,Hydro,1100.56,49738.21,8722454586.04,631905.65,685366.7,381959,0,0.37,64.07
Germany,2004,Hydro,50831.39,36065.19,950072300.78,537424.56,970580.64,240345,1,0.41,15.97
Germany,2004,Solar,84155.01,23056.79,6352056456.59,223148.68,90810.92,58688,0,0.41,9.07
Germany,2004,Solar,69797.11,6159.85,113663683.35,679734.39,675960.03,485522,1,0.48,1.52
Germany,2004,Solar,90656.29,22210.36,7381911086.96,45879.58,313188.18,403338,1,0.33,22.31
Germany,2004,Wind,52423.0,30444.9,1927298725.38,19226.91,802477.05,809132,1,0.43,85.94
Germany,2004,Wind,37475.09,44597.04,1638544163.53,846969.19,890434.86,405334,0,0.08,30.43
Germany,2005,Biomass,39377.39,46590.5,821428402.7,219861.33,69958.97,382073,0,0.31,0.48
Germany,2005,Biomass,84091.48,23791.58,3317984227.56,283356.9,246971.91,251993,0,0.2,67.29
Germany,2005,Biomass,14913.38,11638.3,2678474170.76,771345.88,145362.42,67777,0,0.28,20.04
Germany,2005,Biomass,95020.91,31115.49,1280222591.59,476694.15,284245.98,9988,1,0.36,41.01
Germany,2005,Geothermal,86502.08,11465.5,3600091480.57,784752.16,161840.2,866302,1,0.26,69.75
Germany,2005,Geothermal,70101.15,681.58,149625774.91,163990.76,641477.39,522976,0,0.26,19.49
Germany,2005,Geothermal,88720.06,9154.13,9755525744.26,236612.76,26856.96,624946,1,0.24,88.61
Germany,2005,Hydro,75217.35,13287.2,6420613040.44,974211.42,628649.88,387756,1,0.11,66.24
Germany,2005,Hydro,36193.32,41682.95,2948959530.03,457927.05,218640.65,846915,0,0.48,35.45
Germany,2005,Solar,31484.05,19026.15,3879186749.84,898209.57,391142.29,277566,0,0.11,0.42
Germany,2005,Solar,51297.62,30232.01,4538928047.66,222598.22,897353.93,142568,0,0.16,29.2
Germany,2005,Solar,18786.25,29224.23,9936914829.28,244657.14,385327.22,449882,0,0.29,22.7
Germany,2005,Solar,47168.34,7705.69,9774620287.32,141500.8,585824.62,212010,1,0.3,38.89
Germany,2005,Wind,70365.87,25576.88,9909486906.72,95086.44,319883.85,296342,0,0.47,90.34
Germany,2006,Biomass,30147.32,1644.93,2806312879.01,807298.15,455022.29,912767,1,0.21,8.89
Germany,2006,Biomass,53632.19,44714.16,1389607068.35,246171.82,859431.44,451236,1,0.39,19.49
Germany,2006,Biomass,10868.24,17510.25,6193201199.21,80432.48,27429.7,558397,1,0.46,51.03
Germany,2006,Geothermal,29425.93,5374.47,6213168549.37,635379.81,483568.69,915128,1,0.29,77.61
Germany,2006,Geothermal,16852.15,6140.19,6652237278.68,796368.13,426239.41,174114,0,0.26,29.0
Germany,2006,Hydro,90197.67,21493.91,7566212718.17,766164.84,506057.45,716590,1,0.13,25.01
Germany,2006,Hydro,87528.97,38327.17,1823422797.86,197373.07,254489.38,869247,1,0.3,82.73
Germany,2006,Hydro,9520.24,11394.39,8150505768.01,285061.05,610510.34,370659,0,0.19,6.99
Germany,2006,Hydro,70382.09,37242.63,9432776427.31,269910.31,771240.82,877653,0,0.45,97.96
Germany,2006,Solar,29581.02,48398.45,4892852457.33,75117.93,949492.39,275822,1,0.49,10.77
Germany,2006,Solar,6124.04,8662.23,7108522124.59,54829.7,12967.85,367951,0,0.16,79.52
Germany,2006,Solar,94081.4,46870.92,8567145207.5,282728.88,351271.23,829441,0,0.19,99.89
Germany,2006,Wind,75713.56,19732.21,6803893572.76,594474.95,142031.93,624781,1,0.43,99.96
Germany,2006,Wind,90976.76,40174.14,5196718812.19,491569.26,973670.99,114590,1,0.38,67.41
Germany,2006,Wind,48853.15,20896.54,2600842136.55,933903.35,92107.68,812790,0,0.47,30.37
Germany,2007,Biomass,32093.02,15747.22,9207687957.76,337583.21,773807.6,472594,0,0.43,80.41
Germany,2007,Biomass,86577.99,17769.61,2597428992.09,532750.07,702337.92,903379,0,0.34,57.16
Germany,2007,Biomass,85465.59,19377.13,6122617945.41,359050.44,38536.41,846422,0,0.1,12.49
Germany,2007,Geothermal,41750.25,22838.66,2820561080.56,260175.21,607610.88,517382,0,0.33,23.31
Germany,2007,Geothermal,25179.27,41604.01,6483218308.78,914976.45,422194.24,310748,0,0.19,37.13
Germany,2007,Hydro,67203.85,8153.04,6988550667.09,980220.45,229208.8,674400,0,0.18,42.92
Germany,2007,Hydro,37207.28,43407.93,7275813920.23,129317.72,354217.23,167941,1,0.06,35.55
Germany,2007,Hydro,42887.15,11081.89,1381010652.43,865031.59,615105.5,469219,0,0.2,73.96
Germany,2007,Solar,60178.02,2596.51,2281707069.08,884543.61,393366.18,528698,0,0.1,11.43
Germany,2007,Solar,79974.19,24680.65,2468025607.84,834471.99,437398.84,436993,1,0.34,60.28
Germany,2007,Wind,35102.81,17363.99,5124903676.07,445969.3,965260.31,896954,0,0.49,39.1
Germany,2007,Wind,39591.66,48658.53,3201391506.74,190266.43,970463.56,369501,0,0.28,91.1
Germany,2007,Wind,66119.74,3211.21,2448703304.78,727400.62,893044.73,937317,1,0.49,57.04
Germany,2008,Biomass,10296.82,38902.8,3330397994.47,5402.75,295864.15,838631,1,0.34,53.73
Germany,2008,Biomass,49296.69,38179.62,4262944443.73,825406.93,864767.43,451078,1,0.12,78.18
Germany,2008,Biomass,21998.25,2794.54,6530116811.59,139182.23,46826.49,697610,1,0.22,37.99
Germany,2008,Geothermal,16797.94,4223.49,6192629464.1,26658.94,654951.25,417976,0,0.17,80.76
Germany,2008,Geothermal,18346.4,18274.05,7723273321.95,290362.82,422895.15,660963,1,0.43,67.76
Germany,2008,Hydro,54489.35,18683.78,9971493379.09,638391.58,293662.49,813548,1,0.11,82.63
Germany,2008,Hydro,72576.65,46445.97,4387497556.86,633216.39,974084.21,446000,1,0.21,47.05
Germany,2008,Solar,18883.39,36036.65,9629960865.33,35059.12,580875.03,78941,0,0.12,82.65
Germany,2008,Wind,37036.17,48597.88,8294915907.52,907201.71,213294.11,597893,1,0.16,16.98
Germany,2008,Wind,11070.99,47738.2,8651524540.84,646327.61,887992.62,137740,0,0.34,69.4
Germany,2008,Wind,78400.66,15364.23,6177413635.35,386163.01,199474.43,52684,1,0.06,67.75
Germany,2009,Biomass,82815.05,26233.51,5469492586.15,77263.87,777433.83,128517,1,0.38,50.02
Germany,2009,Biomass,47760.84,35093.18,5702584232.1,656316.23,488405.33,282217,1,0.23,93.55
Germany,2009,Geothermal,42179.14,38265.65,6398248854.43,583049.23,338850.55,938222,1,0.44,30.32
Germany,2009,Geothermal,39743.39,15778.71,5503677682.28,667195.92,227511.07,867417,1,0.42,78.75
Germany,2009,Geothermal,33965.14,26860.05,9492159750.06,804521.14,511189.5,107983,1,0.18,44.35
Germany,2009,Geothermal,26695.03,32390.07,9711308430.72,490472.35,554850.79,418193,1,0.12,31.13
Germany,2009,Hydro,92906.98,41626.23,3400169255.81,840740.14,737838.73,673544,1,0.5,40.32
Germany,2009,Hydro,32277.77,44711.9,3519064088.41,379733.8,543485.53,867560,0,0.24,66.66
Germany,2009,Solar,5329.14,35151.62,4036431009.34,627147.28,935166.37,40955,0,0.16,77.65
Germany,2009,Solar,27352.13,39713.1,3792485165.65,601339.29,474689.42,305188,0,0.19,61.81
Germany,2009,Solar,14563.3,5631.38,2394649583.84,309919.55,141377.68,419535,1,0.14,90.91
Germany,2009,Solar,97055.57,38205.79,3111988618.66,343626.31,738909.18,871703,1,0.21,51.56
Germany,2009,Wind,83761.88,1229.64,365455333.05,685141.81,511305.37,836389,1,0.17,87.52
Germany,2009,Wind,68372.33,23510.1,203039063.6,299879.12,489564.46,903078,0,0.43,26.21
Germany,2010,Geothermal,98976.52,24090.45,9819242826.39,760427.89,515664.03,44784,0,0.39,45.26
Germany,2010,Geothermal,51264.65,38326.09,6191330909.6,786438.38,674648.07,492370,1,0.47,48.11
Germany,2010,Geothermal,74101.79,5986.18,75135710.35,294555.33,8171.61,280170,0,0.16,5.75
Germany,2010,Geothermal,47075.34,33820.54,4479500073.48,495195.82,747239.93,273851,0,0.49,58.8
Germany,2010,Hydro,52084.97,44639.35,1978079871.87,213396.16,992198.51,460635,0,0.28,42.97
Germany,2010,Hydro,9639.18,29672.82,3750765050.9,535204.37,357693.98,779664,1,0.19,53.8
Germany,2010,Solar,42548.35,13420.64,9846252558.67,554427.33,112991.56,935069,0,0.35,72.82
Germany,2010,Solar,61174.23,21352.83,6876074603.44,264826.18,783488.91,45496,1,0.44,51.78
Germany,2010,Solar,67219.0,2531.44,3375726885.93,882608.38,697694.33,392300,0,0.33,19.0
Germany,2010,Wind,70611.75,5299.96,5295501019.43,330813.8,763821.19,335052,0,0.12,50.18
Germany,2010,Wind,90953.94,31866.76,6575640652.78,254094.6,603332.89,870482,0,0.4,67.11
Germany,2011,Biomass,18584.89,37479.79,3232768532.41,388763.2,499601.95,263152,1,0.29,6.88
Germany,2011,Biomass,34086.52,3206.53,6451188682.3,14397.65,108766.64,6389,0,0.36,44.8
Germany,2011,Geothermal,82935.57,15099.67,7234745601.33,217368.84,593302.82,656491,0,0.35,59.5
Germany,2011,Geothermal,34785.41,17250.89,3343166725.09,445877.3,307624.87,188070,1,0.2,60.31
Germany,2011,Geothermal,17363.39,24648.8,3649284165.69,467300.66,395529.01,292146,0,0.4,68.5
Germany,2011,Hydro,8353.26,8929.23,6620283915.19,245367.62,916465.49,234676,1,0.44,31.13
Germany,2011,Hydro,19270.19,47925.06,2762927845.79,778139.81,613351.06,168430,0,0.19,88.63
Germany,2011,Hydro,72512.44,13141.13,1973716989.39,796298.62,97099.2,262748,0,0.23,82.22
Germany,2011,Solar,4668.94,30640.21,426748083.37,640772.58,757907.9,325101,0,0.18,24.01
Germany,2011,Wind,46676.76,16172.64,8913800719.55,563160.49,373296.2,697418,1,0.38,79.69
Germany,2012,Biomass,38461.94,44348.41,5327883970.24,66552.99,615020.98,205486,0,0.13,10.57
Germany,2012,Biomass,26715.63,18475.08,9619938642.52,355902.04,693346.24,704726,0,0.45,37.42
Germany,2012,Geothermal,95498.31,12286.11,3645648658.32,281297.27,844418.72,783294,0,0.07,1.13
Germany,2012,Geothermal,60688.2,48091.75,3787367947.46,750514.7,582708.07,501157,0,0.18,32.96
Germany,2012,Hydro,17034.75,38354.07,6009317737.46,507624.76,302752.97,879901,0,0.42,89.88
Germany,2012,Hydro,86816.22,18304.79,4973143928.08,643333.92,932691.34,831498,1,0.33,89.78
Germany,2012,Solar,20042.7,33291.9,9857432041.79,418451.8,935646.5,645557,1,0.11,60.38
Germany,2012,Wind,50762.23,24367.09,3819994856.01,308605.73,880203.29,956126,1,0.16,98.37
Germany,2013,Geothermal,87528.49,17529.72,3898053673.99,461247.39,281672.13,328050,0,0.21,29.69
Germany,2013,Hydro,32682.52,42870.48,3850555549.24,76083.19,649916.05,162165,0,0.37,10.0
Germany,2013,Solar,29751.78,16246.95,6530105516.3,511716.36,104751.2,563046,0,0.09,93.04
Germany,2013,Wind,20992.59,41824.86,8968476909.33,49856.87,430706.5,191658,0,0.33,76.42
Germany,2014,Biomass,71993.88,47369.64,4348122244.05,151237.76,572874.71,444051,1,0.1,99.19
Germany,2014,Biomass,80244.15,40932.69,1878093106.66,626633.18,113509.73,823585,1,0.38,48.85
Germany,2014,Biomass,46116.64,23067.3,7600760603.72,813370.47,305914.57,978227,1,0.25,48.94
Germany,2014,Geothermal,84190.77,1922.52,1026706762.24,979177.78,209361.47,214788,0,0.11,65.72
Germany,2014,Hydro,37869.16,48911.29,9407352874.23,341740.83,242502.84,686878,1,0.24,44.21
Germany,2014,Hydro,83226.31,20679.94,8605330099.12,293218.36,81559.85,831518,0,0.13,5.44
Germany,2014,Hydro,88413.47,22748.8,2414164403.6,485650.57,303157.77,279287,1,0.29,22.2
Germany,2014,Solar,37132.58,38298.73,7024112205.71,140129.75,283575.52,981469,1,0.1,46.07
Germany,2014,Solar,11262.25,31559.18,4286434182.06,577070.5,829254.54,464817,0,0.25,89.81
Germany,2014,Wind,5656.91,20658.7,7703453579.0,997437.34,695687.12,708461,0,0.5,63.05
Germany,2014,Wind,22671.93,48953.78,2844300691.43,458940.02,704846.58,848024,0,0.35,35.39
Germany,2014,Wind,76600.81,29593.19,6135244450.1,63869.06,926876.38,35494,1,0.25,51.39
Germany,2015,Biomass,36574.95,39573.96,864470622.65,992439.61,314310.74,54827,0,0.35,20.71
Germany,2015,Geothermal,78966.73,16599.75,6415267490.52,462004.7,591682.27,550856,0,0.44,31.57
Germany,2015,Hydro,82340.91,4190.83,2463755354.7,711273.47,282108.75,901143,0,0.46,68.41
Germany,2015,Hydro,98235.84,37357.86,4263276148.66,158141.96,156932.63,722161,1,0.27,5.01
Germany,2015,Solar,29167.69,35187.06,8801013401.24,752809.65,77329.76,627016,0,0.4,21.66
Germany,2015,Wind,77614.1,7032.69,623646473.29,579609.43,859617.31,364163,0,0.21,0.11
Germany,2015,Wind,44835.92,19545.85,6607289221.81,149753.86,272063.26,624411,1,0.33,98.99
Germany,2016,Biomass,63308.33,47740.7,2808873172.84,228249.13,85869.94,354460,0,0.19,66.66
Germany,2016,Biomass,47214.04,41263.11,914732199.42,104493.62,159196.87,186478,1,0.45,7.2
Germany,2016,Biomass,94741.13,30970.15,3001489488.15,787537.06,725017.52,886542,1,0.4,97.18
Germany,2016,Geothermal,88890.41,4084.26,2836433005.49,188871.08,327459.68,136637,0,0.16,65.22
Germany,2016,Hydro,46743.1,44265.9,5258700456.26,755373.4,292544.99,461950,0,0.07,60.13
Germany,2016,Hydro,70337.82,42272.52,6872530761.91,607827.47,28215.12,67982,0,0.2,26.46
Germany,2016,Solar,78694.07,28881.68,617372647.7,817225.03,244651.0,497256,0,0.28,21.28
Germany,2016,Solar,68708.57,31960.91,5454022358.83,231286.69,795744.93,571406,1,0.49,52.39
Germany,2016,Solar,12306.61,49312.68,3680895569.82,764466.61,896796.15,971943,0,0.48,52.71
Germany,2016,Solar,76580.49,8525.39,1259830493.42,828953.99,771712.66,404268,1,0.17,27.0
Germany,2016,Solar,41501.83,22751.9,1954184959.24,673443.38,83423.9,375894,1,0.4,31.4
Germany,2016,Solar,79722.15,477.87,3030739721.33,711183.48,527790.58,205851,1,0.17,24.32
Germany,2016,Solar,62929.12,29316.81,8350796636.45,334664.79,262776.82,859937,1,0.22,16.19
Germany,2017,Biomass,55637.02,28651.92,4673581580.72,638360.56,794512.42,956625,1,0.21,65.28
Germany,2017,Biomass,74040.52,792.52,1142778725.77,496437.05,213895.25,45199,1,0.32,30.35
Germany,2017,Hydro,18036.57,16805.54,9262047354.12,121538.9,977218.18,623523,0,0.21,11.1
Germany,2017,Hydro,45353.89,47902.92,2008074298.79,44274.15,908128.34,564063,0,0.15,75.87
Germany,2017,Solar,65392.57,42808.63,4984376792.67,761012.27,99944.35,283929,0,0.32,94.54
Germany,2017,Wind,54734.9,29036.88,7516595532.89,374261.2,21752.96,512538,1,0.25,97.32
Germany,2017,Wind,1910.1,15557.62,5002772250.25,403714.67,184043.06,666646,1,0.21,36.66
Germany,2018,Biomass,11415.52,31126.49,9643597348.13,868439.91,763773.15,215111,1,0.37,71.68
Germany,2018,Biomass,48230.72,47981.18,9949759072.21,321891.2,421691.54,462941,1,0.39,73.44
Germany,2018,Biomass,86210.79,42266.37,2519538994.63,712222.52,438089.1,785549,0,0.14,70.53
Germany,2018,Geothermal,99625.17,33038.52,9462739064.46,520621.37,926193.26,936990,1,0.24,58.12
Germany,2018,Geothermal,28731.47,8463.61,9194182934.57,426887.31,365245.15,217986,0,0.5,17.15
Germany,2018,Hydro,37127.6,5722.22,2475845942.77,721527.36,950380.81,877669,1,0.45,62.15
Germany,2018,Hydro,97126.63,41925.73,7314465512.18,519309.8,266586.4,112358,1,0.21,36.76
Germany,2018,Hydro,7217.28,34649.0,2986264526.98,637347.25,708494.56,573357,1,0.14,93.99
Germany,2018,Hydro,46183.21,28490.88,5932429367.92,114987.08,802276.45,642424,0,0.4,58.63
Germany,2018,Solar,20529.77,23812.33,984894877.46,195281.52,319171.09,891733,0,0.41,44.7
Germany,2018,Wind,91122.67,23463.36,6000511299.46,757761.97,198847.93,823185,1,0.38,20.43
Germany,2018,Wind,9700.93,39229.28,532247902.06,58455.19,687268.7,600876,1,0.43,74.49
Germany,2019,Biomass,4781.81,38096.78,8218080788.59,34231.7,565819.72,832831,0,0.29,23.55
Germany,2019,Biomass,31773.96,24469.27,8857045087.59,47377.2,585274.63,440403,1,0.06,79.12
Germany,2019,Geothermal,17502.14,26502.99,408490766.71,32557.92,170377.05,258425,1,0.37,67.21
Germany,2019,Geothermal,83989.51,17034.47,9103338840.44,795858.55,345761.57,518891,0,0.22,89.62
Germany,2019,Geothermal,66246.21,13448.82,1457355508.3,754673.69,720924.7,596039,1,0.43,0.36
Germany,2019,Geothermal,6452.54,38509.55,3096458361.01,139941.43,910255.62,991498,1,0.06,32.34
Germany,2020,Biomass,18351.91,4139.68,1828323347.13,405547.44,220608.88,126266,0,0.42,53.77
Germany,2020,Biomass,58385.93,27153.37,25483674.17,407721.9,483864.4,646781,1,0.33,11.66
Germany,2020,Geothermal,47152.56,9011.41,4337743817.38,332857.34,54558.93,945728,1,0.46,67.87
Germany,2020,Geothermal,99645.58,870.66,6751842586.27,919120.36,743535.44,680614,0,0.3,73.86
Germany,2020,Geothermal,7540.29,19996.25,9668754051.36,323570.67,817555.96,56170,1,0.22,86.98
Germany,2020,Hydro,34221.35,48725.71,1064006199.9,104731.42,63800.02,750017,0,0.1,49.0
Germany,2020,Hydro,95262.08,28984.27,2989818487.26,512397.15,366552.94,103083,1,0.34,47.33
Germany,2020,Solar,95356.95,21505.7,7646276957.8,652473.78,600059.79,74709,0,0.34,69.65
Germany,2020,Wind,42276.34,15028.87,7093216083.92,63154.07,656846.48,888702,1,0.06,40.55
Germany,2021,Geothermal,64887.81,5733.28,1694037042.04,633781.42,36448.82,520376,0,0.44,93.64
Germany,2021,Geothermal,5759.95,16205.78,6201143864.73,192715.03,338983.7,35862,1,0.26,1.55
Germany,2021,Hydro,19550.52,23082.42,2285817078.33,244111.45,219299.42,270499,1,0.07,3.03
Germany,2021,Hydro,85870.73,28636.06,2835101660.35,709104.04,478201.06,989595,1,0.15,56.32
Germany,2021,Solar,97981.7,19986.28,3841066844.68,798617.92,530778.34,831612,0,0.17,4.46
Germany,2021,Solar,65345.33,38754.12,7624950561.63,357149.98,275980.44,84742,1,0.44,85.75
Germany,2021,Solar,54203.58,7809.45,68589281.05,561410.08,923396.93,162354,1,0.21,43.69
Germany,2021,Solar,69110.3,1600.09,8550041699.83,512267.09,57274.85,514169,1,0.4,51.97
Germany,2021,Solar,89707.41,1398.39,6228336699.35,994011.39,70640.2,278779,0,0.36,68.27
Germany,2021,Wind,50112.56,43313.11,7910196685.73,433163.06,93205.66,426505,1,0.33,42.83
Germany,2021,Wind,32371.97,43753.96,866397783.78,947682.48,783379.64,270017,1,0.08,37.61
Germany,2021,Wind,24131.74,23035.03,765983043.08,597314.59,85367.15,747432,1,0.07,99.87
Germany,2021,Wind,82361.84,25646.0,5016890158.49,188411.46,241851.59,715360,1,0.19,79.92
Germany,2022,Biomass,3639.2,10897.75,1399573622.79,280783.77,254640.87,542398,1,0.07,1.31
Germany,2022,Hydro,83196.09,185.61,241745954.51,796590.61,363153.91,256435,1,0.08,99.15
Germany,2022,Hydro,37286.77,13801.44,6022672243.44,468029.23,62213.46,335098,0,0.41,78.12
Germany,2022,Solar,10610.23,47356.36,6499524706.5,409401.31,848011.89,405547,1,0.47,36.15
Germany,2023,Biomass,70834.24,12316.42,6133189254.13,416330.64,59479.19,937898,1,0.36,11.86
Germany,2023,Biomass,61280.7,36286.8,7921894809.59,47424.28,541186.11,781632,1,0.36,74.16
Germany,2023,Biomass,23181.49,19743.51,733251107.05,415061.48,463443.22,473895,0,0.27,27.69
Germany,2023,Biomass,2074.03,17252.06,1384651965.94,970350.74,294564.65,52920,1,0.24,27.76
Germany,2023,Geothermal,15387.51,42379.43,8576739103.87,424807.7,120141.66,948314,0,0.08,65.66
Germany,2023,Geothermal,47899.42,9029.48,6260019319.29,843185.68,106302.04,129722,1,0.1,42.17
Germany,2023,Geothermal,59662.46,46971.94,3974990647.09,873876.63,32238.57,369420,1,0.43,79.42
Germany,2023,Geothermal,82621.3,42524.48,1557782951.77,838839.36,973836.22,308604,1,0.08,56.51
Germany,2023,Hydro,85415.2,48447.07,3776004579.4,639753.95,183432.12,290359,1,0.48,76.76
Germany,2023,Solar,32778.94,11813.39,3085532559.94,144271.05,194208.31,258705,0,0.36,5.19
Germany,2023,Wind,76671.76,36351.89,7709885305.14,411025.04,551359.47,631096,0,0.16,83.23
Germany,2023,Wind,53718.84,45858.83,6726750978.72,80365.3,981666.74,571131,0,0.36,11.56
India,2000,Geothermal,7279.96,4887.55,4457284458.26,138614.43,303557.14,201240,0,0.19,2.89
India,2000,Geothermal,93759.69,38036.81,9533022119.18,537181.17,883621.81,697311,0,0.16,78.31
India,2000,Geothermal,17919.3,39227.22,9826543722.2,243834.88,90017.73,114453,1,0.5,37.64
India,2000,Solar,3313.07,9453.07,6121759596.68,854444.31,212159.05,9517,1,0.49,60.5
India,2000,Wind,49328.19,39249.16,7245473465.97,348211.84,704675.73,435990,1,0.4,95.49
India,2001,Biomass,19781.8,43246.78,3276653340.69,287668.83,104238.26,138014,1,0.18,49.6
India,2001,Geothermal,90256.71,48003.43,2795634283.95,77924.43,850477.05,788947,1,0.22,26.11
India,2001,Geothermal,75237.23,40878.89,4616026906.09,957240.71,222113.46,239622,0,0.41,63.5
India,2001,Hydro,33842.4,1017.17,5143259051.86,202303.56,51684.93,388235,0,0.17,63.73
India,2001,Solar,65467.07,6800.5,8098294300.93,506487.15,625907.65,468719,0,0.4,49.5
India,2001,Wind,78480.84,6736.18,155699341.33,62290.91,26585.68,602062,0,0.25,12.68
India,2001,Wind,47202.42,41704.37,376447041.3,747990.17,33141.61,595054,1,0.29,95.92
India,2001,Wind,24568.7,2993.18,6468475302.81,621121.56,199349.15,337661,0,0.3,5.93
India,2001,Wind,39839.89,46572.43,115029066.02,470860.12,101978.87,771607,1,0.43,52.77
India,2002,Geothermal,56811.33,5382.55,4272846256.45,916309.87,775434.69,138086,0,0.31,87.82
India,2002,Solar,41221.17,35628.18,8087793619.96,974802.86,194442.94,795601,1,0.5,84.81
India,2002,Solar,16230.27,45126.17,9691344230.84,864493.5,126355.05,85638,0,0.23,19.48
India,2002,Wind,85332.45,2499.63,2363520154.42,274045.51,789524.29,322164,1,0.16,18.59
India,2002,Wind,57022.49,45228.77,7560891216.02,920656.28,532994.18,526246,0,0.48,89.5
India,2002,Wind,7824.41,16726.06,9946810652.91,272500.27,789177.08,908425,0,0.15,42.87
India,2002,Wind,12508.93,33013.87,9997386703.39,212600.18,87001.69,963604,1,0.16,86.79
India,2003,Biomass,61695.06,11924.05,6303439558.95,431178.2,761549.86,197227,0,0.12,56.06
India,2003,Geothermal,29800.66,33181.77,6730836659.32,304235.95,134620.17,775998,0,0.24,27.23
India,2003,Solar,24648.11,31393.88,6386095093.78,237529.81,255403.79,881930,1,0.44,7.3
India,2003,Wind,47064.25,10203.26,9052044082.27,217183.58,796363.76,822385,1,0.25,43.87
India,2003,Wind,46174.6,30188.1,718726562.59,595561.38,740045.5,157608,1,0.13,49.02
India,2004,Biomass,38100.64,36791.07,6854775217.42,77397.05,214734.41,247235,0,0.43,4.85
India,2004,Biomass,38254.15,23015.94,9316396003.15,914380.69,38291.99,207147,0,0.42,93.56
India,2004,Geothermal,4017.5,42607.69,9610426510.36,9582.43,191877.7,303959,1,0.17,59.2
India,2004,Hydro,46268.74,15281.58,4726737560.81,299048.38,32904.77,742302,1,0.06,82.01
India,2004,Hydro,70744.21,20835.72,4812403511.11,343318.17,114657.43,229693,1,0.08,86.75
India,2004,Hydro,25803.76,20823.82,5334442237.38,683278.38,62636.86,373809,0,0.09,27.77
India,2004,Solar,35191.33,39023.7,8573147988.84,937214.73,893422.4,68664,0,0.07,6.01
India,2004,Solar,70498.87,20061.2,8953907855.88,802828.5,848561.36,601799,0,0.21,52.06
India,2004,Wind,6542.69,28501.29,9180527158.19,278368.46,758468.89,454865,0,0.13,36.42
India,2004,Wind,46923.22,4307.18,6709859027.91,608939.7,923951.73,312558,1,0.1,42.64
India,2004,Wind,97043.1,44392.45,1159750131.67,809530.97,579119.98,429167,1,0.39,1.49
India,2004,Wind,68439.43,15423.83,375184878.54,336704.32,589910.93,486342,1,0.45,41.95
India,2004,Wind,45651.39,17882.67,4768448557.18,513634.73,234652.16,308358,1,0.19,47.59
India,2005,Biomass,20265.94,15919.08,4831647252.23,465547.21,180083.25,219410,0,0.38,58.7
India,2005,Geothermal,30460.72,7017.12,3576203245.48,863115.45,13734.94,957832,1,0.24,65.91
India,2005,Hydro,21480.68,46667.06,9891469074.51,491180.55,846066.86,183355,0,0.23,78.01
India,2005,Solar,23055.41,27655.18,7169027231.12,148542.86,503506.63,345208,1,0.39,23.24
India,2005,Solar,59083.45,5046.9,5287566835.39,574751.93,964692.61,56068,1,0.13,1.68
India,2005,Wind,91922.44,6811.3,8411421721.29,663094.83,65007.78,391116,0,0.45,81.77
India,2005,Wind,29966.01,35865.71,8746021762.83,695142.39,635096.95,718855,0,0.49,98.55
India,2005,Wind,4214.48,48853.62,5104634064.95,794416.1,27239.9,122597,0,0.3,19.78
India,2006,Biomass,17779.42,24774.8,5016744840.92,625930.42,321020.47,479545,1,0.19,52.72
India,2006,Biomass,12614.85,34130.6,7418212237.57,465375.7,559777.15,410846,1,0.13,25.83
India,2006,Biomass,23892.45,5079.27,8067300195.06,630505.2,244531.15,466457,1,0.2,4.86
India,2006,Biomass,20412.12,45444.74,7243037898.1,550857.28,736399.93,819201,1,0.43,11.7
India,2006,Biomass,14780.98,40978.3,8846704991.92,418922.53,98458.81,378617,0,0.17,26.75
India,2006,Geothermal,39922.08,37182.53,5402001245.62,780463.03,284780.26,518752,0,0.21,6.94
India,2006,Geothermal,67570.37,27002.12,2156572678.26,970741.32,985828.52,286315,1,0.49,31.19
India,2006,Geothermal,8696.27,19812.37,4009563646.61,10568.4,820036.81,856027,0,0.31,68.61
India,2006,Hydro,69037.09,7466.14,6580605577.04,566956.23,397974.08,361313,1,0.35,74.91
India,2006,Hydro,10255.03,37745.28,2734108177.91,274211.42,988648.52,901671,1,0.12,65.76
India,2006,Wind,80953.44,17000.42,2934977782.89,698704.7,633827.49,240199,0,0.45,25.37
India,2006,Wind,6056.65,21680.24,9640032482.23,267345.29,822152.84,421706,0,0.28,21.61
India,2007,Biomass,55381.26,42278.43,911125397.15,593314.09,626770.51,605732,0,0.25,38.33
India,2007,Biomass,18370.45,28079.46,2999625283.36,221104.07,899205.04,15728,1,0.4,25.33
India,2007,Biomass,43111.12,1527.91,5206906252.35,143367.63,225562.39,488948,1,0.2,48.65
India,2007,Geothermal,74827.62,25251.75,1984712806.82,604044.13,198559.77,595444,0,0.12,38.64
India,2007,Geothermal,52615.61,25959.61,8256533026.9,155360.92,616856.63,474708,1,0.41,50.84
India,2007,Geothermal,65631.73,39250.94,8673549983.09,652568.39,823589.49,804527,1,0.3,3.38
India,2007,Geothermal,69845.62,17607.59,9176658680.2,358662.83,813416.01,211547,1,0.25,0.34
India,2007,Hydro,35754.93,2272.86,6921893240.29,113186.31,433251.11,428223,0,0.38,34.17
India,2007,Solar,73121.16,45473.66,451774158.43,92830.05,368474.37,198570,0,0.32,45.81
India,2007,Solar,99473.16,22791.16,5233572554.5,768919.07,907314.47,561908,1,0.44,44.98
India,2007,Wind,21597.56,13842.57,4396366569.11,623297.69,624721.56,719163,1,0.35,0.62
India,2008,Biomass,54198.03,18877.47,3220378949.16,778309.54,430971.01,261260,0,0.31,23.39
India,2008,Biomass,97547.27,43844.4,563619986.56,531743.93,412930.3,240422,1,0.41,74.03
India,2008,Biomass,75510.63,22708.46,6814774511.99,164489.09,689394.57,340881,1,0.42,98.18
India,2008,Biomass,9369.14,43538.22,53467979.86,709912.93,79025.72,411059,1,0.23,98.32
India,2008,Biomass,5647.44,46234.47,5886994.47,975684.19,747563.7,208667,1,0.3,41.54
India,2008,Geothermal,2138.62,15840.29,8133560430.37,154227.5,5357.61,878609,1,0.32,87.9
India,2008,Geothermal,73104.3,26446.21,753130916.44,869795.19,756379.51,602395,1,0.47,96.44
India,2008,Solar,86177.44,34735.34,3874827344.36,448254.12,564623.9,565655,1,0.11,13.61
India,2008,Wind,73763.46,43548.81,5310956959.95,670857.16,478775.1,670078,1,0.4,62.86
India,2008,Wind,27321.15,48880.71,6716457115.46,262844.88,443155.6,115312,0,0.48,88.36
India,2008,Wind,52477.7,41892.94,5196187507.08,534623.92,336126.72,422820,0,0.39,33.64
India,2008,Wind,68731.23,5249.51,7947165861.88,842760.24,884238.21,818536,0,0.34,47.57
India,2009,Biomass,39345.83,40744.77,1353168731.34,465317.47,904330.66,188850,0,0.08,97.58
India,2009,Geothermal,19933.03,37988.5,6557171479.22,517170.76,560417.89,596738,1,0.18,87.51
India,2009,Hydro,69698.65,10211.23,2225851792.3,797076.79,628700.42,18285,0,0.31,65.24
India,2009,Hydro,75799.2,37893.16,1860536809.88,333721.17,259732.39,386634,0,0.18,15.67
India,2009,Solar,1399.1,27669.3,1341018450.15,251879.55,184465.19,600283,1,0.13,86.99
India,2009,Solar,66912.28,23870.5,5854195906.45,624375.84,283483.49,211424,1,0.33,76.5
India,2009,Wind,78495.37,4709.58,9487138918.82,12767.19,996777.58,308133,1,0.32,4.29
India,2010,Geothermal,19005.1,42180.41,317672157.62,763324.43,353420.73,25586,1,0.07,75.89
India,2010,Geothermal,89824.61,14143.25,3968483602.55,631178.28,840553.03,393558,0,0.19,30.27
India,2010,Geothermal,18350.68,21278.29,5269145097.18,549466.79,840967.0,342712,0,0.44,24.53
India,2010,Geothermal,25003.92,32123.93,9172897200.0,985024.74,607574.98,534125,1,0.11,82.98
India,2010,Geothermal,26062.08,48032.1,254296339.07,337616.89,175208.89,861838,1,0.49,50.13
India,2010,Geothermal,70115.87,27800.87,14017448.84,337588.2,171710.17,163981,1,0.47,6.65
India,2010,Hydro,93340.17,45607.78,9439465223.53,886184.86,305006.54,452335,1,0.49,80.81
India,2010,Hydro,40472.48,18576.28,3158512158.68,619668.46,89938.6,761645,1,0.47,82.72
India,2010,Solar,8950.39,20764.71,9806587400.03,918604.88,597314.37,513722,0,0.32,4.42
India,2010,Solar,86285.11,31567.56,9391920648.51,354265.3,640674.0,231895,0,0.47,15.02
India,2010,Solar,73922.74,4636.79,7952893021.2,13006.87,951313.02,252087,0,0.15,77.1
India,2010,Solar,38700.0,6861.76,5199662030.42,242070.27,846581.08,861139,0,0.42,64.3
India,2010,Wind,91946.61,46526.04,2979264242.91,883549.12,437529.79,103788,1,0.28,8.31
India,2010,Wind,3782.82,29537.9,5974605171.68,471998.21,679418.06,808491,0,0.12,42.58
India,2010,Wind,86181.5,29364.84,8061894489.66,307022.72,219518.79,348070,1,0.47,60.5
India,2011,Geothermal,38268.19,43107.39,9671811755.33,763277.9,251698.37,147706,0,0.24,52.4
India,2011,Geothermal,13240.09,20156.31,2997771909.97,497492.09,747382.5,747953,1,0.09,4.3
India,2011,Geothermal,63274.72,17326.1,3003863763.88,758693.65,457104.76,144534,1,0.47,32.72
India,2011,Hydro,83071.62,6814.05,2503183142.54,465152.89,583775.3,113239,0,0.45,85.14
India,2011,Hydro,80874.68,24341.94,7594882495.47,473046.3,706555.49,780258,0,0.41,63.72
India,2011,Solar,14692.07,27742.15,7512043978.66,171848.59,990534.33,680427,1,0.29,56.38
India,2011,Wind,30492.65,26668.44,9408741323.76,816655.25,106762.94,706627,0,0.46,8.27
India,2011,Wind,3495.39,29614.57,9160001621.44,422081.54,243575.91,355143,0,0.31,56.73
India,2011,Wind,20306.14,45987.35,6388215395.72,43774.89,255852.16,451699,1,0.06,99.04
India,2011,Wind,77578.5,11103.9,4986155791.41,250821.04,322739.58,68390,0,0.29,71.37
India,2011,Wind,99696.61,32732.96,3498935413.86,799920.8,1124.77,232087,0,0.49,64.07
India,2011,Wind,89454.05,44964.78,3354374243.05,187870.85,542189.76,92602,0,0.47,95.84
India,2011,Wind,62313.6,12297.36,332586484.35,123461.76,777893.34,134772,1,0.43,97.68
India,2012,Geothermal,81796.14,34389.37,5941908625.9,888488.02,949378.45,965166,0,0.23,7.99
India,2012,Geothermal,79138.0,18485.75,8652544012.12,201310.41,962815.7,295909,0,0.32,80.26
India,2012,Hydro,52312.39,23474.53,5575420987.6,145191.24,515556.03,438933,0,0.17,24.62
India,2012,Hydro,24730.4,23691.75,452852771.34,256111.73,335124.06,748546,1,0.21,81.58
India,2012,Hydro,4175.46,10256.65,4388794754.93,513697.41,204360.07,805207,0,0.45,54.97
India,2012,Solar,35522.9,2417.02,6668781785.95,520214.81,827825.0,510112,1,0.06,78.46
India,2012,Solar,94062.12,9109.37,1867807445.27,47250.26,272429.21,600251,1,0.27,11.24
India,2012,Wind,25423.05,46536.89,2005033694.16,389885.06,355591.84,42127,1,0.18,78.44
India,2012,Wind,45165.11,49314.3,8917327825.16,941190.51,242342.63,640567,1,0.19,5.93
India,2012,Wind,64213.77,47264.2,1386235404.57,929497.33,236504.53,657757,1,0.41,77.5
India,2012,Wind,66324.76,4730.13,8400838587.79,48778.38,62295.57,748241,1,0.4,41.86
India,2012,Wind,17388.17,6133.81,4659233011.59,738733.12,254167.79,289775,1,0.33,8.9
India,2012,Wind,37964.82,7679.37,175723927.07,309277.05,842369.49,352104,1,0.44,85.73
India,2013,Biomass,81951.11,48908.86,3174166499.98,480102.63,177661.86,242835,1,0.44,96.11
India,2013,Biomass,96723.31,13109.74,3484326563.14,167103.77,178003.69,694356,1,0.36,66.94
India,2013,Biomass,85011.06,10869.72,7832944553.96,847691.62,641364.61,211444,0,0.07,82.27
India,2013,Geothermal,61853.11,46087.59,8394655364.85,756494.86,109732.78,39379,1,0.44,97.43
India,2013,Hydro,5966.46,5377.63,1191721855.1,336166.32,270049.5,313190,1,0.16,68.51
India,2013,Hydro,49658.21,45775.44,3294254365.26,459219.62,98089.1,256090,0,0.17,81.73
India,2013,Solar,54329.75,26447.84,278230642.36,331865.39,216753.76,697488,0,0.12,52.61
India,2013,Wind,76463.34,13425.1,7130005763.88,182990.96,325718.1,97564,0,0.3,62.41
India,2014,Biomass,87090.33,15894.48,1800556439.08,927251.11,649632.51,983613,1,0.45,33.5
India,2014,Biomass,28264.85,42308.79,6394247787.93,184520.61,35215.69,142816,1,0.11,43.18
India,2014,Geothermal,31321.35,46188.62,2241167655.8,954088.46,452094.98,711390,1,0.42,4.51
India,2014,Geothermal,36715.26,4626.62,7256207900.98,333020.01,773265.37,778597,1,0.43,66.35
India,2014,Geothermal,66463.44,11868.2,9334975309.71,864120.23,404624.72,225071,1,0.34,14.0
India,2014,Geothermal,46966.82,11417.71,4911288347.37,136000.02,591072.94,354356,1,0.45,12.02
India,2014,Geothermal,7340.12,6594.61,6368507631.62,439470.58,123026.98,800345,1,0.48,38.67
India,2014,Hydro,26595.44,13912.82,3351715218.78,371268.87,54708.96,421447,0,0.06,51.24
India,2014,Hydro,78938.88,2765.2,578249860.23,444767.87,931976.34,457921,0,0.44,54.48
India,2014,Hydro,23379.07,35945.13,3009656073.53,240113.77,753758.49,224265,0,0.31,40.06
India,2014,Solar,56260.08,38771.78,474499071.95,319201.54,361081.35,231336,0,0.22,33.52
India,2014,Solar,49859.81,28754.55,1767843994.9,185001.78,93772.83,326314,0,0.13,65.82
India,2014,Solar,58531.59,5827.72,6201958390.51,184770.09,658154.82,679882,1,0.3,71.51
India,2014,Solar,55768.02,42402.56,5971226871.66,216568.67,990472.48,2718,1,0.48,33.75
India,2014,Solar,95740.38,8521.28,1029960956.38,645215.51,440927.9,697895,1,0.33,89.06
India,2014,Solar,98367.82,20065.7,5559473539.79,396063.32,170826.61,847789,0,0.17,46.06
India,2014,Wind,90483.65,28526.82,9359773764.31,363527.7,132562.79,816485,0,0.07,8.96
India,2014,Wind,6500.2,29389.63,8155535053.85,801477.89,98959.12,133474,0,0.44,1.77
India,2015,Biomass,44552.23,45698.56,5707254055.18,95601.72,584731.37,507089,1,0.4,18.31
India,2015,Biomass,48367.56,27624.65,3038662666.55,821808.53,503055.25,46392,0,0.45,41.22
India,2015,Hydro,17112.78,27122.04,6006024245.28,136294.51,161799.99,729786,0,0.14,91.63
India,2015,Wind,86555.55,19311.89,9208688755.76,254296.09,340001.66,958575,0,0.33,10.24
India,2015,Wind,87051.69,42925.49,7578431319.26,823916.92,428507.51,550127,1,0.45,68.62
India,2015,Wind,75544.81,16225.37,1341393501.6,509000.1,321008.03,974479,0,0.35,67.83
India,2015,Wind,43721.63,17109.58,9701698368.01,572901.8,379187.74,456802,1,0.34,13.56
India,2015,Wind,94151.41,43270.32,9002306416.71,714654.09,72789.52,687004,0,0.28,26.08
India,2015,Wind,74990.5,21947.54,9359777295.81,527469.23,71478.46,406277,1,0.11,53.36
India,2016,Biomass,53958.32,11943.97,1752423712.32,359793.14,874446.1,767103,1,0.44,75.45
India,2016,Biomass,74009.86,11399.66,3522796525.77,345516.53,748366.84,555083,0,0.27,47.91
India,2016,Biomass,87453.7,31972.8,9642236670.74,26204.84,559033.42,890281,1,0.26,86.4
India,2016,Geothermal,3129.38,25711.35,5115596483.8,384841.32,154360.11,278673,0,0.19,61.62
India,2016,Geothermal,96691.81,16291.44,6613638350.58,831307.71,968257.61,171171,1,0.29,74.08
India,2016,Geothermal,19611.55,10627.3,9481388738.15,661283.92,380562.31,785942,0,0.25,25.01
India,2016,Hydro,75970.25,14131.83,4320941824.68,713827.14,256998.3,962309,0,0.4,62.22
India,2016,Solar,28597.9,41379.87,1182387974.88,102658.88,167278.13,645431,1,0.11,63.78
India,2016,Wind,42564.24,42293.73,2177533761.37,923240.94,160451.6,819895,1,0.06,49.76
India,2016,Wind,96997.4,16034.1,2080318419.72,900490.75,895724.54,401239,1,0.38,32.42
India,2016,Wind,37263.38,16590.55,5056093490.06,702165.18,89362.91,518583,1,0.11,93.07
India,2017,Biomass,27028.64,32591.5,4098635785.42,212384.08,234719.79,103025,1,0.24,40.13
India,2017,Hydro,55128.59,45709.33,2920578934.05,485639.41,19266.65,511557,1,0.31,90.79
India,2017,Hydro,77362.13,28595.41,2946076299.32,158055.36,354252.68,326707,0,0.09,27.06
India,2017,Hydro,37521.08,27672.1,3692397233.97,18334.35,794869.12,367515,0,0.43,3.27
India,2017,Solar,47012.86,36947.75,1420593556.57,265516.02,87692.75,830053,1,0.3,42.92
India,2017,Solar,29767.24,13802.51,953653081.12,970433.03,455660.82,595231,1,0.49,64.6
India,2017,Solar,22457.39,12749.55,8686571246.07,338175.26,115100.75,455352,1,0.37,19.77
India,2017,Solar,12742.52,25126.43,9867509071.2,675010.26,706841.54,712334,1,0.19,64.62
India,2017,Wind,80641.46,43405.89,4534542809.85,846345.46,732653.47,387502,0,0.43,0.93
India,2017,Wind,90205.42,1515.21,6767667590.65,411852.24,495290.09,692797,0,0.08,7.53
India,2018,Biomass,85703.94,1860.46,4019105340.95,785541.43,167135.03,691668,1,0.23,79.63
India,2018,Biomass,84586.55,36348.6,1550547526.78,906454.96,484388.56,491259,0,0.17,72.46
India,2018,Biomass,60971.22,40878.12,9869640748.96,551852.04,434248.39,96520,0,0.39,66.96
India,2018,Biomass,35770.88,27236.98,7096686668.69,458233.51,391721.23,251545,1,0.31,81.61
India,2018,Geothermal,40691.97,17733.51,847551987.57,874390.03,180034.47,586607,0,0.21,17.1
India,2018,Geothermal,65173.96,31096.68,8813049746.07,596667.59,300812.71,673537,1,0.46,26.45
India,2018,Hydro,61394.9,6628.0,4647166463.11,55282.64,858182.68,42350,1,0.4,11.81
India,2018,Solar,67261.31,43166.37,287191823.03,649406.38,692568.41,207396,0,0.48,3.2
India,2018,Wind,42660.64,32490.83,6925681261.9,850766.3,499349.8,359160,1,0.16,12.53
India,2018,Wind,27140.15,41863.26,4945432966.5,648947.65,605303.17,47484,0,0.5,77.31
India,2018,Wind,37338.73,23855.34,816265997.73,874848.06,296392.23,991752,1,0.48,97.24
India,2019,Biomass,22342.79,6054.09,9591562506.98,134729.09,256958.06,443989,0,0.3,55.01
India,2019,Biomass,58207.42,41013.9,7769394319.5,659966.22,382881.91,851809,0,0.06,72.62
India,2019,Biomass,68921.25,20056.18,6488332904.11,908576.33,397675.14,771547,1,0.17,64.83
India,2019,Biomass,72401.45,15649.02,8368526660.36,726462.87,877092.75,947521,0,0.42,73.64
India,2019,Hydro,72965.04,35847.39,6920941086.39,208595.77,193652.22,258358,1,0.42,41.06
India,2019,Hydro,32789.08,5394.77,5887616773.53,64685.75,215115.95,427657,1,0.05,44.94
India,2019,Solar,85526.28,31688.61,2993183257.68,683468.1,314693.53,898416,0,0.17,6.31
India,2019,Wind,89055.62,5150.78,8612604622.9,950735.7,57995.23,326279,0,0.36,34.41
India,2019,Wind,40114.21,42258.68,8983579591.08,796208.37,132334.63,991149,1,0.29,96.59
India,2020,Biomass,23301.05,25973.28,2665423850.71,571362.89,894350.19,917702,1,0.12,27.68
India,2020,Biomass,4370.09,21243.72,144510668.18,604373.35,492086.92,943293,1,0.26,94.33
India,2020,Geothermal,21785.15,20550.67,3341577592.09,828874.52,947772.57,799532,0,0.21,89.92
India,2020,Geothermal,90161.8,19701.36,9061534697.59,770891.79,595341.93,884115,0,0.43,27.3
India,2020,Hydro,84510.21,32024.06,8407228250.17,680798.73,139377.21,882712,1,0.22,33.1
India,2020,Hydro,4918.4,43729.32,6644683137.93,461544.69,833330.76,13654,0,0.13,27.47
India,2020,Hydro,10145.68,32599.82,8224975900.47,295357.31,409118.77,819257,0,0.43,50.55
India,2020,Solar,91155.05,9335.16,20498460.75,408881.84,623213.94,215848,1,0.5,90.84
India,2020,Wind,6469.01,49938.84,6420726076.27,836419.76,425968.18,44555,0,0.38,16.11
India,2020,Wind,32402.35,37845.0,4334649785.17,200105.47,185998.08,841778,1,0.11,62.35
India,2021,Biomass,13755.2,44489.02,9819425811.52,437566.92,25182.76,741170,1,0.21,44.12
India,2021,Biomass,56343.29,32215.44,6686652424.56,659723.27,468373.19,657601,1,0.47,60.47
India,2021,Biomass,11516.41,4394.43,1698271410.67,386907.95,397341.63,228861,0,0.42,41.7
India,2021,Biomass,86681.45,35272.72,9139447745.83,410010.89,950305.99,250602,1,0.35,32.9
India,2021,Biomass,71809.97,18441.26,2209650738.29,277141.22,881047.27,550042,0,0.22,79.3
India,2021,Geothermal,71250.57,29229.47,6606079723.29,841892.3,291896.08,794376,1,0.06,89.6
India,2021,Geothermal,63436.58,40654.94,146156276.2,850600.3,52998.01,572243,1,0.22,29.32
India,2021,Solar,37669.25,32925.0,4582759113.32,119304.46,114141.41,967960,1,0.4,2.35
India,2021,Wind,75015.11,21087.56,4916894561.8,85751.94,256029.47,851675,1,0.19,40.0
India,2021,Wind,38595.78,10205.86,7343940401.55,556608.09,854425.68,800480,0,0.24,57.23
India,2021,Wind,45982.21,41187.28,9808450574.45,167809.6,867182.96,562689,0,0.11,62.46
India,2021,Wind,4874.28,46080.37,4544415117.64,951294.95,502310.77,434563,0,0.33,70.13
India,2021,Wind,40291.2,39431.23,628100153.08,891942.78,403609.16,327803,1,0.15,36.03
India,2021,Wind,99502.37,23662.95,6752566038.0,862833.15,294783.81,543473,1,0.33,96.45
India,2022,Biomass,85903.41,19211.44,4895713561.68,642408.55,149449.14,86884,0,0.4,92.9
India,2022,Biomass,88435.94,10342.97,7372904506.2,944359.94,811715.65,640740,1,0.26,34.55
India,2022,Biomass,1053.35,30245.75,1551516364.53,761451.34,904955.7,176658,0,0.31,6.03
India,2022,Geothermal,22734.55,46482.24,6072890321.64,117311.9,898013.49,289164,1,0.23,88.85
India,2022,Geothermal,94329.59,22757.5,8590460017.18,922633.98,744255.17,430517,0,0.23,25.22
India,2022,Hydro,34950.47,42175.41,5988093009.17,395606.01,21746.51,579308,1,0.32,43.63
India,2022,Hydro,42390.56,4591.88,2649728506.38,554948.24,825236.7,540298,0,0.12,44.41
India,2022,Solar,88050.37,40340.75,8151870724.9,908581.97,326201.25,388742,0,0.43,5.07
India,2022,Wind,13737.37,43897.14,7277860348.91,549265.98,609504.42,607623,1,0.2,61.86
India,2023,Biomass,43844.45,27589.69,9096401118.94,176820.88,167284.65,631173,1,0.34,34.44
India,2023,Biomass,29906.94,31545.2,2055452432.43,859477.62,573330.42,290726,0,0.32,88.2
India,2023,Geothermal,9985.72,29549.53,541471390.17,687899.61,960420.87,885846,0,0.16,33.51
India,2023,Hydro,84798.48,22347.23,8667662713.55,153617.59,301218.23,450333,0,0.25,69.13
India,2023,Hydro,2882.88,14505.44,1263539806.53,426593.34,442914.32,935515,0,0.4,54.36
India,2023,Hydro,64336.16,40951.45,4000680103.07,117450.48,47029.83,451160,0,0.43,8.89
India,2023,Hydro,2763.53,24746.57,2514232826.71,995697.88,651646.11,225455,0,0.07,6.55
India,2023,Hydro,86354.88,36437.34,7426036872.64,58442.2,11001.9,675545,0,0.27,51.84
India,2023,Wind,60798.93,8958.63,7823407679.14,834767.35,195354.64,926104,0,0.41,78.3
India,2023,Wind,77086.58,11181.64,5722316726.59,842997.59,154496.74,774049,0,0.41,94.92
Japan,2000,Biomass,55181.16,3652.61,9146475538.48,800572.3,512343.68,622523,1,0.5,18.35
Japan,2000,Biomass,48868.01,3776.39,1199831277.71,922303.45,246016.09,660771,1,0.17,10.06
Japan,2000,Geothermal,29720.91,20887.81,1159849371.28,769637.54,548147.28,991666,0,0.11,5.45
Japan,2000,Geothermal,13125.62,38882.47,5680587537.15,941555.56,542695.8,16745,1,0.32,1.01
Japan,2000,Solar,60460.53,42464.12,6489883193.08,878350.38,11334.6,268015,1,0.44,72.28
Japan,2000,Wind,95015.82,41556.08,2533838625.63,187669.54,538291.72,915829,0,0.49,55.51
Japan,2000,Wind,61400.71,8230.12,6414392992.25,502656.82,930364.79,955110,1,0.49,66.77
Japan,2000,Wind,86718.38,15723.48,1736973482.69,92274.46,136932.8,311620,1,0.25,33.59
Japan,2001,Biomass,88455.36,48613.45,2397337940.13,797605.57,38853.39,801299,0,0.43,44.02
Japan,2001,Biomass,59772.23,44858.12,2782366332.92,934178.44,796283.18,848167,0,0.08,16.12
Japan,2001,Geothermal,92826.21,5849.04,4657436961.2,604118.2,51441.7,67392,1,0.38,49.73
Japan,2001,Hydro,79333.22,23873.0,8743213682.73,392197.79,694123.91,793658,0,0.09,81.5
Japan,2001,Solar,46460.79,200.7,1596762365.87,819798.01,761201.31,796418,0,0.37,13.14
Japan,2001,Solar,74690.03,3981.3,5183239337.47,825703.01,561556.49,166763,0,0.3,59.22
Japan,2001,Solar,20492.38,30921.95,2303756667.15,62626.43,349137.36,719701,1,0.27,80.73
Japan,2001,Solar,75630.21,33197.78,4478356253.39,800856.38,626183.99,47579,1,0.21,41.28
Japan,2001,Wind,74578.95,16506.15,5249306518.47,735746.0,812827.85,807350,1,0.39,36.11
Japan,2001,Wind,45138.64,44785.47,9044559819.43,430951.82,516638.87,852915,1,0.38,1.34
Japan,2001,Wind,11011.16,35159.59,326761116.48,902544.01,292079.17,179530,0,0.43,92.28
Japan,2001,Wind,69975.08,41354.76,5310018862.62,423477.2,947266.31,876167,1,0.12,30.72
Japan,2001,Wind,35790.35,28875.27,9596863066.71,624503.88,877231.82,156884,0,0.46,9.87
Japan,2002,Biomass,77424.45,16339.66,2214424176.81,945372.17,430621.5,407969,1,0.15,46.53
Japan,2002,Geothermal,3413.8,19756.91,1487331385.34,897683.7,259704.39,823089,0,0.12,97.83
Japan,2002,Geothermal,14328.85,4426.44,6321601223.43,209425.61,613938.28,312009,1,0.5,66.57
Japan,2002,Hydro,75516.62,2432.01,8211857049.59,736584.5,303012.77,843368,1,0.35,98.11
Japan,2002,Solar,80863.71,42155.16,9540116644.71,587045.28,990079.44,857185,1,0.1,58.25
Japan,2002,Solar,10973.93,22685.41,8274464755.56,368930.04,998357.5,951804,1,0.26,32.16
Japan,2002,Solar,73630.76,25199.74,3499819478.65,109299.76,6288.28,486779,0,0.31,41.75
Japan,2002,Solar,47425.13,4269.45,8932191898.89,996619.0,636684.26,296997,0,0.44,58.28
Japan,2002,Solar,35768.22,48814.48,287200324.9,273197.49,831253.13,368630,0,0.07,42.62
Japan,2002,Solar,35197.16,12521.97,2916550898.71,339555.1,262947.37,79814,0,0.41,67.35
Japan,2002,Wind,6133.63,31510.74,6733105421.12,818147.05,335776.98,390440,0,0.25,12.32
Japan,2003,Biomass,68198.22,16516.41,1496549166.31,970556.23,471410.32,916977,0,0.42,71.63
Japan,2003,Geothermal,9266.92,46745.92,4322574084.31,945151.01,361268.01,282483,1,0.47,67.01
Japan,2003,Geothermal,61145.2,48680.07,4759307908.03,192057.68,254040.73,527732,1,0.47,2.47
Japan,2003,Hydro,63908.36,39909.05,2081418373.66,514783.2,619487.38,217781,0,0.05,71.35
Japan,2003,Solar,37917.34,25327.82,2183215453.54,783683.43,355712.55,925420,0,0.45,1.49
Japan,2003,Solar,50026.6,32530.43,4391316351.52,800899.61,86581.5,193735,0,0.5,72.21
Japan,2003,Solar,45979.23,38349.32,9746854344.3,378741.97,167060.86,386671,0,0.38,35.22
Japan,2003,Wind,9627.66,49361.19,7899902428.73,276418.26,968724.06,137272,0,0.17,50.21
Japan,2003,Wind,59116.0,27979.99,4582974095.62,265533.35,147981.51,518956,0,0.37,16.86
Japan,2004,Biomass,70465.05,7985.05,2859622997.35,263118.13,549180.86,163031,1,0.17,72.22
Japan,2004,Biomass,87034.51,22643.56,8682475287.99,84667.41,379603.85,628559,0,0.22,52.6
Japan,2004,Geothermal,9719.11,5337.66,1324637916.18,561274.82,651242.95,140257,1,0.08,6.03
Japan,2004,Hydro,34060.19,29814.74,8118656458.55,697670.55,627488.1,737993,1,0.24,77.69
Japan,2004,Hydro,86435.99,39012.17,1517097985.24,699797.62,102156.09,79053,1,0.05,58.12
Japan,2004,Hydro,34898.44,32027.01,8021929483.22,917902.34,504298.1,14965,1,0.22,97.61
Japan,2004,Solar,94893.72,40696.34,8921081807.8,846959.47,946930.52,738749,0,0.14,57.57
Japan,2004,Solar,21915.83,28999.64,2144333845.87,321594.76,4627.65,55698,1,0.43,77.8
Japan,2004,Wind,39573.04,1090.76,6599479390.51,792460.39,929525.88,864396,0,0.3,86.83
Japan,2004,Wind,65664.34,15167.94,9038659901.66,664716.5,131597.7,606775,1,0.46,5.55
Japan,2004,Wind,41374.44,20995.46,5402715965.44,969408.74,602191.7,938234,1,0.34,87.93
Japan,2005,Biomass,73204.55,24764.91,9111318479.12,569610.66,957468.48,383139,0,0.05,54.27
Japan,2005,Hydro,68420.0,35759.09,5193012971.06,383902.67,773969.7,358334,1,0.14,99.14
Japan,2005,Solar,3481.97,37059.43,4841456857.52,29973.98,744863.81,702592,0,0.17,77.4
Japan,2005,Solar,76377.88,30736.04,3589197859.23,532312.61,713753.33,666058,1,0.19,52.07
Japan,2005,Wind,12700.24,11647.99,7678557442.48,857796.53,454502.77,723968,1,0.16,47.18
Japan,2005,Wind,79304.11,38549.08,417122300.53,720605.51,749409.87,971032,0,0.46,74.39
Japan,2005,Wind,88611.41,1844.49,7757042809.71,345031.03,253643.6,389846,0,0.47,49.88
Japan,2005,Wind,17173.03,7473.47,8548293143.77,759513.83,904518.5,586075,0,0.26,80.22
Japan,2006,Biomass,94795.55,12717.1,9298247383.32,502032.11,156401.45,737306,1,0.11,62.47
Japan,2006,Biomass,65040.05,30883.07,972890403.79,847328.84,80179.44,631638,0,0.28,46.15
Japan,2006,Geothermal,13497.67,11577.81,6208706661.97,144228.74,150701.49,110301,0,0.35,85.45
Japan,2006,Geothermal,10145.86,34933.36,2346228161.53,901940.54,439895.31,315905,1,0.34,18.68
Japan,2006,Hydro,58529.04,44367.15,8122695087.61,630821.66,982262.68,466853,1,0.34,87.23
Japan,2006,Hydro,40997.56,38377.08,5585716888.5,150980.54,708248.0,439805,1,0.15,93.39
Japan,2006,Hydro,30357.09,46118.17,298759609.17,916817.41,986490.75,204412,1,0.24,94.62
Japan,2006,Wind,21409.61,4783.64,2370132599.9,705705.75,79881.99,629188,1,0.17,51.16
Japan,2006,Wind,27250.4,48542.33,340798056.91,648045.0,562035.7,675302,1,0.44,33.67
Japan,2006,Wind,18183.66,22728.99,1270195933.73,141136.42,938135.62,982282,1,0.18,37.01
Japan,2006,Wind,48685.59,21724.58,7483502102.77,770931.09,544716.22,521272,1,0.35,79.13
Japan,2007,Biomass,17099.68,44875.69,3127058514.99,67863.61,765067.49,774359,1,0.22,95.41
Japan,2007,Biomass,84060.99,43196.71,5753210910.63,384898.0,867807.93,291383,0,0.32,97.7
Japan,2007,Biomass,47551.99,9212.88,6806365381.06,367672.28,432162.61,305219,1,0.34,98.54
Japan,2007,Biomass,73986.68,26746.75,743757194.79,440792.5,790488.82,264150,1,0.4,85.46
Japan,2007,Biomass,88600.15,4503.91,4859663030.27,712065.05,449877.02,375952,0,0.48,30.09
Japan,2007,Geothermal,52535.54,821.34,147464154.74,95573.26,325673.56,161858,0,0.17,23.17
Japan,2007,Geothermal,21636.39,35954.22,7323856978.35,293031.94,409852.03,147668,1,0.44,61.41
Japan,2007,Geothermal,59952.14,33777.32,986824974.53,64054.32,346359.65,866130,1,0.3,67.11
Japan,2007,Geothermal,51327.25,45400.86,7896542038.92,759308.07,237716.7,83732,0,0.2,47.17
Japan,2007,Hydro,66662.16,12511.56,9121475776.68,584527.32,533341.82,958317,1,0.47,21.73
Japan,2007,Hydro,51756.02,14172.91,5948627678.37,438351.65,815186.68,754817,0,0.39,48.07
Japan,2007,Hydro,19006.83,34150.6,992259198.69,633956.18,362231.66,740180,1,0.23,16.25
Japan,2007,Hydro,56216.97,21231.65,60742971.92,871710.05,825539.58,644588,1,0.44,94.94
Japan,2007,Hydro,98629.48,7990.48,5260435632.69,50130.28,283663.78,252032,1,0.16,39.66
Japan,2007,Hydro,80720.42,6337.57,1962948375.99,722586.01,866225.23,225088,0,0.19,65.33
Japan,2007,Wind,53119.11,18777.36,2563689299.9,881017.75,810040.9,990881,0,0.3,13.28
Japan,2007,Wind,71513.8,29381.06,8678697055.54,755371.2,364566.31,93857,1,0.14,4.03
Japan,2007,Wind,13384.83,1667.31,9295141310.3,958143.89,90058.87,547188,1,0.25,93.3
Japan,2008,Biomass,59319.4,40798.72,9458914396.53,192370.58,735625.61,615251,0,0.33,40.46
Japan,2008,Biomass,70466.99,16424.02,6115356855.2,336388.3,78917.96,791908,0,0.5,41.16
Japan,2008,Geothermal,84554.42,2567.27,266176246.66,601139.8,453223.15,109166,1,0.13,22.54
Japan,2008,Geothermal,65760.56,37291.11,1343480695.75,825673.39,236424.75,832635,0,0.36,10.01
Japan,2008,Geothermal,67508.08,22781.73,8599416.85,463697.66,147126.18,364496,1,0.17,61.45
Japan,2008,Hydro,86583.32,26019.02,5278159983.04,872616.96,255009.36,571226,0,0.23,62.91
Japan,2008,Hydro,35585.47,14669.18,8582221139.27,529052.72,205259.22,767077,0,0.11,69.47
Japan,2008,Hydro,16249.42,46735.54,1488805127.01,681799.58,102456.94,599402,0,0.24,41.19
Japan,2008,Hydro,56894.14,43303.55,4523712875.24,289204.97,506511.36,381116,0,0.07,37.17
Japan,2008,Hydro,67131.95,20357.64,5523580040.46,54833.85,141694.75,191970,0,0.38,34.15
Japan,2008,Hydro,8535.44,18417.47,4180247612.37,292843.73,440443.51,806192,0,0.44,99.99
Japan,2008,Solar,69425.62,268.0,7710128949.1,800649.45,779771.93,288751,0,0.14,75.86
Japan,2008,Solar,95107.02,3558.15,7473384688.25,449753.91,856956.46,628367,1,0.36,65.55
Japan,2008,Wind,25324.5,9921.55,283540083.82,504831.56,841992.39,767067,1,0.15,92.72
Japan,2008,Wind,22093.44,12502.84,5996967997.56,104995.91,560744.27,91108,0,0.32,6.97
Japan,2008,Wind,47818.89,22366.86,2934624798.16,538397.66,904585.43,56083,0,0.47,29.96
Japan,2009,Biomass,45112.28,31762.95,6129636954.29,862672.14,468315.76,417654,1,0.07,41.05
Japan,2009,Biomass,27629.82,45879.24,9386858127.27,386915.74,31073.91,707420,1,0.33,30.75
Japan,2009,Geothermal,15546.83,8457.29,2843205498.64,434371.9,929075.59,134539,1,0.43,11.93
Japan,2009,Geothermal,19717.33,3959.09,6936741256.65,763178.95,868824.84,89667,1,0.26,50.68
Japan,2009,Solar,1484.5,39655.58,9067361944.93,991977.55,571200.15,581051,0,0.18,60.13
Japan,2009,Solar,59636.45,24106.97,4187155945.18,194707.91,578770.8,144339,1,0.33,63.78
Japan,2009,Wind,86718.75,43581.98,5227814881.1,605051.25,288916.0,147244,0,0.42,8.24
Japan,2009,Wind,1790.75,9442.97,8549407022.61,858687.08,361706.78,451812,0,0.07,75.76
Japan,2010,Biomass,88771.93,40323.64,8526116427.91,498839.57,840378.8,11049,0,0.45,33.75
Japan,2010,Biomass,23499.31,11094.94,8002065899.2,618205.99,884687.23,276964,0,0.46,29.56
Japan,2010,Biomass,61168.01,32960.87,2775540388.48,629657.02,261092.75,462902,0,0.3,34.67
Japan,2010,Geothermal,6387.91,5919.87,6664740027.42,911965.7,780917.72,283412,0,0.44,79.59
Japan,2010,Hydro,16245.69,10470.71,6104964069.11,52520.41,954752.54,289733,0,0.45,57.22
Japan,2010,Solar,88818.04,29498.55,302817985.86,211764.51,425595.7,332864,0,0.27,69.7
Japan,2010,Solar,60753.68,44162.79,2497640267.05,462623.05,433037.13,864570,1,0.08,46.92
Japan,2010,Solar,42193.57,38819.78,6294758286.74,777644.15,803999.33,973308,0,0.09,68.02
Japan,2010,Wind,8549.92,14058.32,7584104576.96,935143.37,879450.37,122224,0,0.29,17.28
Japan,2010,Wind,15978.15,35077.57,7838277024.31,862666.61,233227.12,651031,0,0.25,86.43
Japan,2010,Wind,51670.72,12460.06,3683965042.81,480796.8,112905.1,259763,0,0.21,77.62
Japan,2010,Wind,63808.88,20069.45,9776572794.29,311729.81,1654.09,969948,0,0.38,28.56
Japan,2011,Biomass,47624.66,30926.34,9424510899.35,588402.73,814929.72,515041,0,0.38,14.41
Japan,2011,Biomass,16933.94,28898.84,4614835637.99,901349.09,209574.19,633507,1,0.37,96.51
Japan,2011,Biomass,10661.32,2832.25,9119188786.42,288079.4,254819.35,202640,0,0.4,61.61
Japan,2011,Geothermal,18756.53,34941.29,3958376138.39,285697.18,10596.25,925251,0,0.12,49.77
Japan,2011,Geothermal,49268.21,34040.76,4035814010.3,106406.27,734119.5,982344,0,0.32,21.79
Japan,2011,Geothermal,39192.4,1210.74,1132542999.66,439769.05,860665.84,481232,1,0.18,14.11
Japan,2011,Hydro,14051.5,7365.53,3209835456.92,397871.62,673945.74,131868,1,0.47,55.34
Japan,2011,Hydro,71530.71,34002.38,145821933.24,301920.69,500737.89,390981,0,0.3,29.42
Japan,2011,Solar,82423.99,21011.33,2766913447.15,833288.45,824061.75,825486,1,0.28,85.71
Japan,2011,Solar,29971.03,33834.37,5789575463.95,994237.07,589575.31,229598,1,0.07,90.13
Japan,2011,Solar,3045.87,11110.42,7155624139.73,685252.91,130479.99,442506,1,0.17,25.22
Japan,2011,Wind,20416.84,20472.13,8839381982.36,433917.11,16652.55,87707,0,0.29,62.11
Japan,2012,Biomass,43492.79,29110.97,6845327951.81,90218.69,689608.45,834793,1,0.14,79.81
Japan,2012,Biomass,16894.77,19138.09,354180267.97,240153.42,930565.62,39678,1,0.33,38.43
Japan,2012,Biomass,69479.05,28706.65,2690824029.9,222896.26,272461.18,275580,1,0.38,46.68
Japan,2012,Geothermal,81666.61,3153.23,3000660025.96,672754.84,661283.67,247679,1,0.29,8.57
Japan,2012,Geothermal,9477.76,25991.16,5834956818.48,673748.81,960626.43,620008,0,0.36,79.41
Japan,2012,Solar,11983.16,37810.13,8852612379.67,859508.12,938591.47,241636,0,0.1,10.13
Japan,2012,Wind,64648.18,13690.57,5489301770.45,777786.11,526404.37,264050,0,0.12,23.26
Japan,2013,Biomass,66943.54,36995.63,2011734998.5,770718.04,931671.36,278923,1,0.12,11.3
Japan,2013,Biomass,24069.08,2860.17,9316941068.19,546932.69,380909.12,966384,0,0.16,84.26
Japan,2013,Biomass,97343.63,6997.25,4829174522.92,649395.81,805817.94,471188,1,0.16,91.11
Japan,2013,Geothermal,14918.16,16747.33,8075693681.16,348600.13,951869.84,215869,1,0.28,7.28
Japan,2013,Hydro,88491.09,42941.78,6432797810.83,185988.16,947393.8,608200,0,0.44,4.07
Japan,2013,Hydro,98948.02,45341.7,9311499442.27,641957.16,981952.41,60823,1,0.16,39.81
Japan,2013,Wind,80305.59,15949.11,2786754505.2,485095.46,188384.65,505890,1,0.38,20.89
Japan,2013,Wind,94448.36,8623.68,7987689861.21,595033.43,866960.58,357207,0,0.13,26.58
Japan,2014,Biomass,32635.57,10367.61,7336100534.18,851940.76,96775.33,803341,0,0.38,53.98
Japan,2014,Biomass,38772.97,7895.21,9905813185.58,991106.64,957252.63,312688,0,0.44,61.8
Japan,2014,Geothermal,19358.19,37782.51,1606295214.78,949604.61,422361.22,993024,0,0.07,30.04
Japan,2014,Geothermal,21406.41,18355.15,6886268126.63,217536.79,720692.99,135493,0,0.35,39.57
Japan,2014,Geothermal,99937.5,31311.52,2174338936.77,794551.35,733067.68,229846,0,0.11,31.49
Japan,2014,Geothermal,51040.43,3682.09,7392160765.74,663613.24,81720.58,918614,1,0.32,4.19
Japan,2014,Hydro,69034.26,37598.61,3073957768.4,441149.16,780263.82,472255,1,0.21,32.43
Japan,2014,Solar,71365.15,13164.79,8992018603.4,69943.02,280257.81,885430,0,0.12,38.91
Japan,2014,Solar,57708.77,3321.28,5820353944.22,561199.88,236852.12,234759,1,0.33,33.52
Japan,2014,Wind,36100.27,18856.81,8423583285.21,690317.8,167863.54,953145,1,0.25,63.17
Japan,2015,Biomass,70560.47,37648.72,9095394363.11,121449.84,833178.36,339831,0,0.5,59.38
Japan,2015,Geothermal,27682.76,5631.76,887829236.24,273102.03,531485.22,736173,1,0.45,23.97
Japan,2015,Hydro,66211.15,46492.03,807916397.55,155304.14,153876.43,955680,0,0.16,72.66
Japan,2015,Hydro,30858.22,43877.33,4950015879.87,173318.9,499615.35,307378,0,0.2,15.7
Japan,2015,Hydro,87417.38,14334.53,585104631.39,580582.76,389327.73,360582,0,0.25,72.78
Japan,2015,Wind,74786.52,34812.45,7074019736.48,254846.55,493306.08,734425,0,0.07,94.34
Japan,2016,Biomass,61591.59,8989.19,4627916153.43,287665.97,557404.58,569145,1,0.41,8.85
Japan,2016,Biomass,53635.04,4520.01,4580608826.03,396503.5,398995.15,626031,0,0.06,52.53
Japan,2016,Biomass,88570.47,43793.36,826521599.85,956293.24,610448.28,227916,0,0.5,85.67
Japan,2016,Geothermal,43408.16,25641.58,9923730969.28,709486.66,540963.32,458055,0,0.12,98.82
Japan,2016,Hydro,7020.0,10139.46,3897981380.39,593204.44,454064.66,661264,0,0.08,41.69
Japan,2016,Hydro,99468.63,7522.57,7750321154.89,654897.32,739157.69,512850,0,0.36,79.64
Japan,2016,Hydro,43321.43,25305.3,9542540082.07,32846.73,962599.56,463678,0,0.32,25.6
Japan,2016,Hydro,88324.13,514.39,214018771.26,574120.32,46324.49,404550,0,0.47,61.52
Japan,2016,Hydro,14821.74,23899.36,2620553135.99,229332.48,359996.66,7470,1,0.36,63.85
Japan,2016,Solar,10979.98,3290.7,9277398302.41,948113.52,436698.15,793753,1,0.2,75.1
Japan,2016,Solar,29690.35,39267.79,8599906624.43,744918.88,938618.15,538597,1,0.17,85.27
Japan,2016,Solar,80645.64,25428.83,3463718278.29,850029.18,205707.66,743969,0,0.09,60.19
Japan,2016,Wind,8390.33,27425.99,8401117651.79,117322.65,310968.96,368933,0,0.44,23.34
Japan,2016,Wind,55085.62,23916.79,1603131471.04,729840.57,580157.79,696596,0,0.39,65.56
Japan,2016,Wind,1388.11,48356.27,9330004128.36,816592.56,453757.12,963627,1,0.2,56.46
Japan,2017,Biomass,58185.48,11940.37,4587954155.02,659847.95,597545.85,345147,0,0.43,45.96
Japan,2017,Biomass,17554.37,39097.15,9821253508.14,860943.12,403353.24,950626,1,0.46,41.28
Japan,2017,Geothermal,19784.69,37863.91,786499162.36,57189.51,244006.36,299943,1,0.5,11.91
Japan,2017,Hydro,44713.62,39937.98,3813639207.69,358789.75,57245.55,171157,0,0.25,9.84
Japan,2017,Hydro,36024.6,29735.17,248981818.36,324182.34,835878.65,501186,0,0.3,51.02
Japan,2017,Hydro,27654.4,48744.43,8370171465.68,107737.27,336043.52,442302,0,0.23,51.17
Japan,2017,Solar,9976.79,45448.52,9210881273.07,841715.64,447357.02,668377,0,0.23,49.37
Japan,2017,Wind,67123.68,6531.47,960526355.16,407476.03,86131.86,877881,1,0.48,84.19
Japan,2017,Wind,56029.23,45079.7,5625618232.6,830750.56,256558.82,54810,0,0.25,51.04
Japan,2018,Biomass,71383.32,10020.92,8366713640.4,232029.19,357781.5,574709,1,0.14,31.06
Japan,2018,Biomass,55723.88,12997.71,8205396869.56,855855.57,639927.6,907776,0,0.06,48.13
Japan,2018,Geothermal,14682.08,29368.7,5554029324.36,950055.24,638396.03,835178,1,0.2,37.31
Japan,2018,Geothermal,69442.18,35602.65,375974933.17,88734.23,276077.28,805552,0,0.25,84.16
Japan,2018,Geothermal,15564.32,19901.35,5423407610.55,585298.91,464598.08,314200,1,0.3,83.74
Japan,2018,Hydro,76002.04,40467.97,1040270273.94,346895.77,132880.13,116284,0,0.38,73.03
Japan,2018,Solar,44734.87,21916.66,4029472856.21,213536.44,946235.16,286513,0,0.19,23.19
Japan,2018,Solar,95840.68,49538.51,275859739.65,256959.84,451966.05,443197,1,0.07,57.78
Japan,2018,Wind,50591.53,41424.99,9116574990.12,817064.88,632662.28,319357,0,0.46,37.74
Japan,2018,Wind,54542.48,31999.21,7440496478.99,933242.19,167642.68,930953,1,0.37,25.03
Japan,2018,Wind,23512.87,16067.28,4915253595.62,332308.67,1550.81,176675,0,0.1,35.91
Japan,2018,Wind,40307.35,41501.74,8188065842.92,270003.87,537568.22,485022,0,0.06,35.53
Japan,2019,Geothermal,1543.6,36025.85,8547974796.47,92736.07,528216.82,969458,1,0.11,19.32
Japan,2019,Geothermal,41906.81,27395.09,4344845183.21,740838.53,765114.2,123854,1,0.46,61.34
Japan,2019,Hydro,86163.32,26868.53,6372940972.0,697602.41,284316.22,294853,1,0.06,20.78
Japan,2019,Solar,35054.88,26586.42,7489262789.89,358067.97,331660.83,90622,1,0.16,9.13
Japan,2019,Solar,90911.14,35764.94,1260784629.72,438613.25,189075.7,957443,0,0.3,43.67
Japan,2019,Solar,54352.92,28502.72,426481829.89,187831.75,620963.56,774207,1,0.37,94.26
Japan,2019,Wind,95278.05,12936.64,6392790392.94,862419.44,713336.68,290716,1,0.42,11.81
Japan,2020,Biomass,75925.16,45992.52,1998962655.44,338864.47,213342.21,697104,0,0.38,13.79
Japan,2020,Biomass,16859.77,8750.28,5634665614.06,666058.11,549628.95,597944,0,0.14,59.14
Japan,2020,Geothermal,82295.65,22024.81,2458489048.08,468451.45,525288.67,212980,0,0.08,9.95
Japan,2020,Geothermal,41980.71,19808.06,5144289329.27,566973.02,974803.89,207287,0,0.29,91.4
Japan,2020,Geothermal,92400.69,20058.38,3591504170.41,614255.45,720752.95,836681,1,0.35,94.61
Japan,2020,Geothermal,5595.21,41658.01,4175307281.39,33445.15,803653.9,830875,0,0.44,20.14
Japan,2020,Hydro,92087.57,19929.69,1013757666.61,725265.99,65430.56,952058,0,0.26,66.8
Japan,2020,Hydro,59957.35,35215.17,12458092.36,475134.42,695237.12,478687,1,0.5,4.67
Japan,2020,Solar,4750.66,28693.97,1160267651.0,375490.34,556936.12,362392,1,0.31,87.93
Japan,2020,Wind,72541.3,2741.15,684374842.46,987583.22,451144.73,791163,0,0.46,80.82
Japan,2020,Wind,6601.44,23798.77,8458786955.4,42765.72,940968.03,434573,0,0.44,95.88
Japan,2020,Wind,5736.14,11957.93,5148660072.13,43298.05,769280.98,234509,0,0.48,48.52
Japan,2021,Hydro,70143.22,35846.27,1221313528.86,787206.07,821657.59,932707,0,0.36,12.27
Japan,2021,Solar,91964.22,46281.55,3906013518.06,368299.95,506357.25,965882,0,0.27,20.77
Japan,2021,Solar,68596.8,40351.03,7797068188.03,792521.57,506547.54,429477,0,0.07,73.49
Japan,2021,Solar,78743.6,28083.55,8619518538.52,609518.04,919590.95,75521,1,0.11,11.34
Japan,2022,Biomass,63005.17,25563.84,9104672097.21,871439.12,273959.52,117482,1,0.2,1.63
Japan,2022,Biomass,27138.62,14832.01,4808281674.29,415954.52,22332.07,618338,0,0.14,28.73
Japan,2022,Biomass,58568.55,10538.43,460371500.08,443253.02,746465.36,169116,0,0.14,36.86
Japan,2022,Geothermal,85439.75,36700.58,3780945249.41,440261.65,126857.88,243898,1,0.46,94.42
Japan,2022,Geothermal,93860.89,44244.81,2529292375.53,324485.06,519355.57,633494,0,0.39,59.06
Japan,2022,Hydro,47146.19,29106.29,8045717983.02,894909.76,19800.92,567964,1,0.15,15.21
Japan,2022,Hydro,64921.41,4846.61,2383288603.39,414466.2,868511.85,591256,0,0.37,96.83
Japan,2022,Hydro,42019.73,47672.61,4717472780.61,857007.64,290969.09,920536,1,0.39,77.43
Japan,2022,Hydro,96338.16,13640.23,4533886496.25,885736.89,478153.93,544529,1,0.2,32.99
Japan,2022,Solar,16315.65,23427.42,7510715682.25,707008.05,134921.53,774037,0,0.35,14.69
Japan,2023,Biomass,30490.63,31208.69,9137394913.78,881796.7,639473.92,474739,1,0.21,19.93
Japan,2023,Biomass,91360.18,39446.45,9127505890.67,443127.52,392543.51,892270,1,0.11,91.63
Japan,2023,Biomass,23550.62,24438.68,4040376275.82,897198.19,245494.3,447904,1,0.36,12.09
Japan,2023,Geothermal,4696.02,3446.24,9638803146.38,570924.93,448501.24,831442,1,0.07,19.05
Japan,2023,Hydro,14777.09,28986.54,1316801464.9,240448.87,991128.84,599552,1,0.07,2.38
Japan,2023,Hydro,54189.43,21331.96,95613210.98,516545.45,388361.45,272591,1,0.31,86.64
Japan,2023,Solar,31038.79,41579.35,6497451422.41,782740.26,548137.62,780614,0,0.23,70.91
Japan,2023,Solar,25154.54,25343.01,2569116817.52,832881.67,523207.09,908582,1,0.36,42.3
Japan,2023,Solar,40091.2,46650.09,5589552882.01,574873.7,790369.77,203477,0,0.09,29.42
Japan,2023,Wind,68205.55,43505.9,8700757846.91,917560.71,417404.89,616103,1,0.23,4.35
Japan,2023,Wind,14650.29,46214.57,6596105793.65,101676.37,250240.27,411234,1,0.1,75.84
Japan,2023,Wind,80865.43,46004.04,4830673756.13,193343.45,826568.17,786947,0,0.49,12.83
Russia,2000,Biomass,82302.76,27680.18,4276274673.9,314844.36,387030.46,993629,1,0.32,85.8
Russia,2000,Biomass,85582.34,38930.01,6617220519.15,819444.6,160229.27,839982,0,0.19,71.92
Russia,2000,Geothermal,38155.21,4115.67,3606111395.9,24477.44,604836.96,355064,0,0.21,78.2
Russia,2000,Hydro,67784.86,36888.01,3497791887.06,646107.21,438522.94,478783,0,0.22,59.76
Russia,2000,Solar,47030.79,48375.5,7283409893.56,505119.05,448503.06,159126,1,0.07,60.14
Russia,2000,Solar,89395.06,7750.5,7443016792.0,598794.36,184099.04,740942,0,0.49,2.22
Russia,2000,Solar,48596.82,15193.04,1214388106.54,792572.34,141473.17,42763,1,0.09,95.56
Russia,2000,Solar,33451.48,5745.14,6288311237.05,757282.4,522414.69,251754,0,0.41,57.27
Russia,2000,Wind,83003.67,623.67,2273877015.24,252141.05,452966.05,683138,1,0.31,10.64
Russia,2001,Hydro,27735.75,24500.66,1714155754.82,523022.61,645470.21,565251,1,0.49,72.94
Russia,2001,Solar,89203.75,9614.96,7919610746.73,429735.1,981797.76,458543,0,0.4,95.44
Russia,2001,Solar,42514.47,41521.58,1107618298.1,827884.34,600333.26,631774,1,0.35,98.89
Russia,2001,Wind,84376.68,11959.11,9080098590.55,896992.71,787376.96,195559,1,0.43,40.0
Russia,2001,Wind,20238.47,23233.74,5861318463.53,610934.58,120246.8,943170,0,0.45,23.02
Russia,2001,Wind,75137.58,25508.77,6632660234.47,463867.55,985120.74,564437,1,0.38,3.08
Russia,2001,Wind,11896.06,20069.33,2944701214.65,490108.27,360369.25,964459,0,0.08,18.75
Russia,2001,Wind,51655.03,26849.81,5956492634.15,760338.8,47464.57,872694,1,0.42,17.24
Russia,2001,Wind,93448.26,36213.9,525183097.93,921544.84,2010.41,417692,1,0.32,79.26
Russia,2002,Biomass,74049.5,32851.12,1276475119.58,379508.79,999390.5,832742,0,0.44,43.08
Russia,2002,Geothermal,24458.97,28793.11,6588567916.55,903651.2,310805.27,717144,1,0.49,46.88
Russia,2002,Geothermal,33683.26,6511.26,3247308952.64,807224.97,782294.09,246940,0,0.17,47.96
Russia,2002,Geothermal,87262.28,4456.36,117441210.88,286793.26,48274.99,628787,0,0.48,21.43
Russia,2002,Hydro,33626.29,31803.73,1124989723.49,899164.51,352790.06,340866,0,0.27,20.22
Russia,2002,Hydro,97323.33,12159.3,3898664849.36,940199.07,845562.01,801556,1,0.38,25.9
Russia,2002,Solar,92232.76,13825.92,483774920.41,557054.74,644875.82,172535,0,0.41,18.07
Russia,2002,Solar,44993.26,25146.84,571085489.83,318535.9,812895.06,196694,1,0.4,47.28
Russia,2002,Solar,73882.39,13779.81,9058742818.53,119947.12,65351.32,254994,1,0.5,35.58
Russia,2002,Solar,22135.62,29609.2,8568235930.25,188849.76,256853.9,756811,1,0.12,69.14
Russia,2002,Solar,66466.68,34398.47,4009920266.61,404606.34,818812.26,973477,0,0.13,78.73
Russia,2002,Wind,86579.82,17804.08,9946323795.09,335356.87,84461.2,842047,0,0.3,13.88
Russia,2002,Wind,67050.79,37519.85,4344490401.51,140530.81,352107.67,889541,0,0.11,90.72
Russia,2002,Wind,1791.62,31940.21,7152178090.98,442337.83,202470.67,811488,0,0.24,76.14
Russia,2002,Wind,70620.12,49454.02,2496521140.13,410463.23,940940.21,926025,0,0.26,4.24
Russia,2003,Biomass,11331.52,4187.95,8379081446.51,893879.93,460472.44,778519,1,0.06,32.77
Russia,2003,Biomass,37213.62,28389.41,3045793702.19,765278.54,689838.54,393217,1,0.4,12.71
Russia,2003,Hydro,2599.12,7388.73,2412227068.64,576158.04,224796.93,660964,1,0.14,45.61
Russia,2003,Hydro,21075.67,11060.37,7018267760.0,54091.09,657117.49,49626,0,0.29,73.23
Russia,2003,Solar,91773.05,29863.49,6295815360.17,269742.42,181108.04,58878,1,0.22,32.63
Russia,2003,Solar,39653.15,2901.54,1004534807.22,293578.24,241011.95,771172,1,0.42,88.09
Russia,2003,Wind,15344.98,36328.39,1352071928.21,999176.59,887539.75,756674,0,0.33,22.68
Russia,2003,Wind,53855.08,38166.8,3214713318.78,395146.07,823441.67,202018,1,0.41,28.3
Russia,2003,Wind,55537.55,33731.48,6740686168.4,329186.65,150962.47,628146,1,0.48,59.85
Russia,2004,Biomass,7069.37,26846.8,681682333.45,738672.89,957502.47,817494,1,0.1,4.25
Russia,2004,Biomass,10588.96,45287.46,2139091448.03,265884.9,912616.21,515742,1,0.12,50.57
Russia,2004,Biomass,4181.01,48000.4,5999613382.41,667134.03,780247.24,142624,0,0.33,62.64
Russia,2004,Biomass,61885.79,37771.3,2240912028.82,114888.22,359678.34,821689,0,0.34,93.42
Russia,2004,Solar,34469.64,1903.27,9644452831.11,556133.81,668472.2,18070,0,0.48,68.38
Russia,2004,Solar,40352.26,21032.79,8872817722.53,50829.19,472005.18,926251,0,0.07,37.57
Russia,2004,Wind,91032.38,12335.66,2298848248.57,261731.67,845279.76,999562,1,0.34,59.8
Russia,2004,Wind,53427.71,3563.53,3825802789.92,529464.39,141349.15,475085,1,0.43,75.63
Russia,2004,Wind,77796.14,27546.36,2545776123.4,926506.23,913115.45,348343,1,0.27,62.17
Russia,2005,Biomass,85584.29,47045.89,4615395199.9,498967.56,745258.8,533115,0,0.29,25.39
Russia,2005,Hydro,56939.73,46014.55,9338465539.62,832271.12,45557.51,31117,0,0.18,47.26
Russia,2005,Hydro,15903.29,32006.71,2036481682.09,908063.19,89796.51,618940,0,0.43,16.33
Russia,2005,Solar,83176.41,6458.6,6306099704.18,377484.17,855142.82,447716,1,0.2,13.34
Russia,2005,Wind,33526.86,1561.41,3860627150.9,839358.32,351358.55,146769,0,0.48,23.37
Russia,2006,Biomass,42149.78,1869.8,1297306492.2,609317.05,64291.25,551447,0,0.29,45.82
Russia,2006,Biomass,20788.56,29007.0,346962796.33,206165.22,364462.32,805926,1,0.41,28.73
Russia,2006,Biomass,4337.62,5350.97,4031695960.22,996068.63,544976.37,611735,1,0.17,81.67
Russia,2006,Biomass,54787.3,6681.93,5781976941.88,698412.3,426532.62,545200,0,0.37,91.38
Russia,2006,Biomass,71808.52,1120.46,6581890044.15,993038.88,621783.9,273337,1,0.19,50.83
Russia,2006,Biomass,6409.33,22983.71,2114263062.63,50234.33,345809.91,487088,0,0.08,93.64
Russia,2006,Geothermal,40686.35,43871.22,4921815010.51,457755.64,23428.17,710200,1,0.43,6.65
Russia,2006,Geothermal,39033.54,30987.71,2375942050.13,49472.24,896612.58,128939,1,0.41,74.06
Russia,2006,Geothermal,87558.23,18879.77,1853059138.38,978871.7,857973.58,817472,1,0.45,62.51
Russia,2006,Hydro,45709.74,19229.55,4952083799.77,98501.59,315137.87,614165,1,0.39,68.9
Russia,2006,Hydro,10072.45,10895.81,5076914498.5,524290.27,355640.81,149314,1,0.37,72.4
Russia,2006,Hydro,94249.47,15120.3,2127105289.53,803971.34,177673.94,128669,0,0.39,74.33
Russia,2006,Solar,4436.65,9151.59,908958358.02,159355.52,87689.11,706614,1,0.17,41.73
Russia,2006,Wind,24645.99,11729.49,7893848184.4,25274.03,356274.98,674756,0,0.2,27.3
Russia,2007,Biomass,7291.94,41342.51,6575962523.19,671019.29,329447.66,145359,0,0.12,94.52
Russia,2007,Biomass,66741.36,27534.79,4880843658.31,849824.01,893649.13,984352,0,0.27,69.9
Russia,2007,Biomass,76805.14,12379.62,5272461601.62,62666.16,990889.58,843054,0,0.3,91.18
Russia,2007,Geothermal,28540.21,38056.82,1835431848.67,259015.42,347197.82,389500,1,0.48,82.9
Russia,2007,Geothermal,49120.52,48205.94,8274442881.34,417741.33,136904.21,247185,1,0.24,90.45
Russia,2007,Hydro,27404.54,47639.44,4848097907.43,426717.08,983404.34,750657,0,0.07,46.02
Russia,2007,Hydro,84536.44,49951.73,6027057533.58,565367.75,571998.95,662223,0,0.45,14.19
Russia,2007,Solar,3356.55,37685.82,7952589626.91,689426.75,958319.15,340737,1,0.21,30.84
Russia,2007,Solar,38739.32,9166.39,3400850006.42,448644.21,912758.29,452261,1,0.29,50.24
Russia,2007,Wind,62652.68,24060.67,8093033652.76,561124.92,394954.0,72532,0,0.14,80.43
Russia,2007,Wind,43282.93,17854.38,8739854854.21,78577.31,339836.22,690618,0,0.27,95.97
Russia,2008,Biomass,41095.65,5180.91,2601243522.8,564420.62,968029.8,429280,0,0.16,15.02
Russia,2008,Biomass,5667.05,24310.63,1504296545.54,669018.85,308926.82,533305,1,0.48,40.52
Russia,2008,Geothermal,82342.28,46694.26,8542200182.88,391347.32,283472.59,686708,1,0.42,88.26
Russia,2008,Geothermal,59355.72,4148.91,7052209779.73,181684.7,171920.78,922129,1,0.12,8.07
Russia,2008,Geothermal,15047.36,3095.92,14263450.51,73652.96,649182.66,367860,0,0.12,83.72
Russia,2008,Hydro,93036.28,26794.06,4910764708.76,761260.34,655645.46,932998,1,0.1,80.45
Russia,2008,Hydro,99570.53,44380.19,5776786876.75,211478.84,656007.38,85337,0,0.25,25.76
Russia,2008,Solar,76963.24,28769.9,1505810019.08,16380.13,69307.01,84641,0,0.06,63.63
Russia,2008,Wind,80140.49,44337.22,3968087243.13,75938.72,71352.55,330721,0,0.17,83.48
Russia,2008,Wind,39028.14,9650.36,1063292549.6,838871.71,227181.59,406357,1,0.36,44.69
Russia,2008,Wind,37568.26,28973.73,8025174116.9,705812.9,5581.41,269513,0,0.12,99.07
Russia,2009,Biomass,39647.58,20170.33,1072009160.99,555563.53,303832.55,703952,1,0.38,28.16
Russia,2009,Geothermal,64510.33,21641.73,6690007028.62,496837.16,123956.34,236994,1,0.17,75.96
Russia,2009,Geothermal,38293.72,49041.16,6188427609.76,138017.63,443248.3,440430,1,0.16,29.4
Russia,2009,Hydro,61162.11,26257.42,9122479304.48,553061.56,981592.77,476523,0,0.21,43.62
Russia,2009,Solar,36349.39,18763.09,4841145480.45,624308.96,558334.6,949963,0,0.19,10.77
Russia,2009,Solar,53969.82,3945.54,964601295.47,868292.33,817306.66,3463,1,0.35,90.33
Russia,2009,Solar,57269.56,39720.2,654446352.32,73222.74,410490.44,255569,0,0.41,30.73
Russia,2009,Wind,19652.02,4580.21,5799602396.73,473519.29,345594.68,618069,0,0.28,25.5
Russia,2009,Wind,39181.96,12590.37,4905855151.79,57761.6,433430.65,363396,1,0.47,91.52
Russia,2009,Wind,37723.27,19520.45,2325359702.0,809682.76,390239.85,678770,0,0.12,31.44
Russia,2010,Biomass,3204.98,24196.75,5061422754.43,723871.39,932965.62,303989,0,0.21,84.59
Russia,2010,Biomass,90315.58,14421.93,6712166260.05,785318.43,481831.87,763479,0,0.38,8.26
Russia,2010,Biomass,47728.19,7457.05,3075625209.01,960255.89,300243.0,433753,1,0.17,93.62
Russia,2010,Biomass,85617.02,36750.87,1969213956.17,966086.4,654711.61,886845,1,0.23,99.48
Russia,2010,Biomass,63588.27,37100.77,6595535805.91,621706.37,124713.32,190355,0,0.26,19.8
Russia,2010,Geothermal,81910.04,10524.56,7165372014.37,9865.17,248114.58,10876,0,0.27,69.43
Russia,2010,Geothermal,30033.75,34183.74,4810998285.09,740273.04,354816.98,937275,0,0.07,86.95
Russia,2010,Hydro,78755.72,9061.05,3019017933.12,352274.04,466936.01,404348,0,0.32,40.46
Russia,2010,Hydro,42984.61,21313.96,4380611929.04,802979.03,395888.69,615257,0,0.33,92.92
Russia,2010,Hydro,26452.5,32443.61,945588655.25,351503.68,316922.27,133096,0,0.13,59.62
Russia,2010,Hydro,6876.23,20866.36,2278725155.32,654005.18,70199.46,756540,0,0.23,63.84
Russia,2010,Solar,22678.92,2066.75,2757347785.57,307747.41,505890.48,163296,0,0.08,12.21
Russia,2010,Solar,62652.6,40485.95,7253067246.38,317262.03,719697.47,743034,1,0.16,36.6
Russia,2010,Solar,1069.33,46795.67,1723469476.47,627035.2,993010.84,312887,0,0.2,69.35
Russia,2010,Solar,37072.65,40650.9,9957001941.28,296384.43,357442.55,664346,0,0.45,43.72
Russia,2010,Wind,50053.01,2718.53,6677458681.73,754188.35,58530.53,12093,1,0.49,12.39
Russia,2011,Geothermal,40581.97,38512.01,5433386583.2,300936.67,482026.83,382958,1,0.18,92.67
Russia,2011,Hydro,10002.83,30905.18,9383823499.86,690342.02,696040.04,303531,0,0.33,54.33
Russia,2011,Hydro,50689.3,6004.72,1306532583.7,986434.35,849594.74,79399,0,0.26,43.78
Russia,2011,Hydro,36541.96,596.6,7563756532.56,594179.02,383708.18,142683,1,0.36,67.21
Russia,2011,Solar,45962.25,36452.55,2622612188.66,915588.48,131025.58,822882,0,0.26,56.69
Russia,2011,Wind,18139.65,5658.39,3356630970.19,932110.0,425323.71,34500,1,0.17,48.14
Russia,2012,Biomass,1789.22,22375.51,3756252042.71,378391.41,718195.14,705459,0,0.4,6.0
Russia,2012,Hydro,92263.46,41456.33,6970303735.61,818435.42,909502.19,537561,1,0.32,58.29
Russia,2012,Hydro,51191.75,8839.88,2055400679.82,734012.84,759388.02,252576,0,0.38,56.73
Russia,2012,Hydro,58400.86,44126.3,7124291789.15,977084.4,803513.26,85025,1,0.17,58.53
Russia,2012,Hydro,95252.26,12308.39,8379933483.73,81402.73,99892.14,145389,1,0.48,7.4
Russia,2012,Solar,21213.55,36611.27,5007163030.67,506752.79,210897.09,960099,1,0.34,55.36
Russia,2012,Solar,97373.83,12880.09,8625817585.11,549727.93,542760.65,393529,1,0.31,11.19
Russia,2012,Wind,1951.26,19421.18,960474923.04,215702.45,635016.76,344233,0,0.18,0.51
Russia,2012,Wind,47305.34,8418.26,969879209.94,181314.11,436824.95,888580,1,0.08,84.74
Russia,2013,Geothermal,19547.03,15509.01,3609544993.7,548834.89,370976.99,846828,1,0.19,21.43
Russia,2013,Geothermal,61189.91,23402.99,209415878.19,415492.71,998099.5,542939,1,0.5,57.81
Russia,2013,Geothermal,23908.45,35300.88,3766571607.81,604706.88,403255.79,296312,0,0.29,95.92
Russia,2013,Hydro,43390.66,6136.52,8804003873.8,13978.87,577054.25,782523,0,0.24,23.5
Russia,2013,Solar,7323.64,5827.46,1731276894.15,295626.69,215858.46,855186,1,0.16,29.86
Russia,2013,Solar,40070.28,30071.76,8891149071.35,937071.25,601079.09,185038,1,0.34,10.85
Russia,2013,Solar,12559.01,47867.67,8102848856.72,708483.34,819959.54,946232,0,0.06,14.54
Russia,2013,Wind,42797.17,38695.57,4083672690.61,627872.73,920693.91,198876,1,0.43,25.27
Russia,2013,Wind,73839.26,10899.13,7356070906.17,206444.95,500663.16,271610,1,0.4,68.77
Russia,2013,Wind,99313.35,16694.56,5095773236.72,25706.12,450143.77,871465,1,0.35,91.98
Russia,2014,Biomass,54675.72,19797.55,4389725244.28,579610.03,84669.58,935085,1,0.22,65.06
Russia,2014,Geothermal,12506.77,42267.78,9288505302.92,23628.93,328707.62,260613,0,0.34,68.99
Russia,2014,Hydro,9161.18,46179.99,3346685126.39,534222.89,314281.25,184301,1,0.26,23.43
Russia,2014,Hydro,22811.18,20305.52,3986907476.07,743612.87,330088.55,764112,1,0.23,56.38
Russia,2014,Hydro,78035.54,47227.29,4178743965.41,317496.83,585859.89,704717,1,0.28,19.76
Russia,2014,Hydro,88361.26,24165.91,1497175674.34,935938.51,790667.18,675651,1,0.07,18.09
Russia,2014,Hydro,26681.07,36762.11,2209183946.59,944762.95,957067.89,776680,0,0.46,34.16
Russia,2014,Solar,8940.49,37704.21,3090052105.86,278121.58,250364.4,116785,1,0.1,56.62
Russia,2014,Solar,60062.19,1106.61,7415867298.83,123032.22,150882.01,37148,1,0.33,0.43
Russia,2014,Solar,51241.01,25322.03,2323876892.45,153335.8,62831.27,608991,0,0.12,2.43
Russia,2014,Solar,89197.21,9745.47,8210974644.86,393376.61,393564.73,325017,1,0.17,6.82
Russia,2014,Solar,96668.04,24303.51,3025723379.3,211153.64,265423.13,634762,1,0.35,28.23
Russia,2014,Wind,12859.42,16508.85,5676587048.28,667972.63,520782.68,339076,0,0.44,88.67
Russia,2015,Biomass,35801.91,45915.94,1316677844.14,158416.72,812354.54,38279,1,0.24,45.66
Russia,2015,Geothermal,90369.13,12270.52,1039499233.0,277293.41,97660.84,56561,0,0.49,72.23
Russia,2015,Geothermal,68967.23,8268.13,2856645112.07,646336.98,667813.66,544881,1,0.23,1.02
Russia,2015,Geothermal,12447.34,8368.44,2695392922.12,226335.31,967594.15,270496,1,0.15,58.17
Russia,2015,Hydro,38096.46,17814.42,8976841660.27,203575.31,531891.21,648206,1,0.16,20.03
Russia,2015,Hydro,50368.93,14517.16,7462586693.08,203598.19,755497.54,898634,1,0.3,56.83
Russia,2015,Solar,64059.63,3450.64,3353091025.28,90139.21,389083.64,39924,0,0.2,49.29
Russia,2015,Solar,28480.95,2779.57,9462750264.28,753968.84,879724.28,752749,1,0.25,39.32
Russia,2016,Biomass,52698.45,2516.08,993007524.65,462629.42,345500.5,412953,0,0.34,82.48
Russia,2016,Geothermal,70934.63,41325.43,4871165126.84,778831.83,290781.5,687007,0,0.12,79.85
Russia,2016,Geothermal,85431.57,21776.03,5127066310.8,813410.82,780054.03,299084,1,0.34,57.33
Russia,2016,Geothermal,50192.77,48346.58,7662453710.14,335259.78,889231.19,781323,0,0.25,8.68
Russia,2016,Hydro,28476.14,14108.55,866736604.48,569919.2,63131.61,870673,0,0.44,52.8
Russia,2016,Hydro,15758.89,40816.66,1260568519.6,19819.17,4463.17,943868,1,0.35,17.48
Russia,2016,Hydro,69924.74,47620.56,9703034077.9,24741.14,176785.51,470793,1,0.11,70.19
Russia,2016,Hydro,47588.98,16578.36,7112103622.96,748650.45,646436.56,295967,0,0.15,83.36
Russia,2016,Solar,59306.38,11976.18,9167034651.37,180459.41,630607.54,978747,1,0.28,62.71
Russia,2016,Solar,72916.53,41274.3,3909255356.84,739606.01,154393.37,657659,1,0.11,8.46
Russia,2016,Wind,95286.45,49070.01,4829217383.81,802916.38,875188.33,972977,0,0.34,51.04
Russia,2017,Biomass,47883.06,18883.15,1861074027.18,442968.56,335575.84,43612,1,0.43,60.04
Russia,2017,Biomass,42980.57,20793.34,9431190043.63,218144.23,169721.15,374656,1,0.17,59.85
Russia,2017,Geothermal,75643.11,44629.41,2913704301.61,84480.45,893793.85,239297,0,0.21,99.34
Russia,2017,Geothermal,17258.4,26738.15,2900517951.44,604056.07,464848.63,829765,0,0.34,90.24
Russia,2017,Solar,42287.86,23369.27,2910853421.65,711518.52,952003.16,744729,0,0.12,27.59
Russia,2017,Wind,8164.97,2456.1,2874115412.05,957491.88,776286.89,418779,0,0.39,89.61
Russia,2018,Biomass,25230.16,31674.64,9355827019.23,879478.82,415125.6,115386,0,0.49,8.22
Russia,2018,Geothermal,49227.71,22628.28,6759448262.64,425957.09,546289.01,229468,1,0.42,67.12
Russia,2018,Geothermal,44800.79,6223.28,8207235171.14,918905.66,808379.95,874544,0,0.23,59.39
Russia,2018,Geothermal,73775.36,17483.68,8234153623.12,731176.29,564645.12,599454,1,0.44,30.5
Russia,2018,Geothermal,13807.95,23619.53,4291003363.43,86043.26,725687.55,247250,0,0.12,97.98
Russia,2018,Hydro,45712.14,24525.95,9101502693.1,522339.12,673182.93,899411,1,0.23,97.89
Russia,2018,Solar,41942.55,18067.85,9043695634.65,804430.03,675045.09,558120,0,0.33,58.59
Russia,2018,Solar,39776.84,9206.12,9797495795.52,90631.57,856186.46,940084,0,0.34,11.2
Russia,2018,Wind,25673.72,29557.77,4721157855.23,664331.31,213013.74,415887,1,0.47,12.88
Russia,2019,Biomass,10923.62,49496.97,8387186069.75,469156.12,277140.65,423986,0,0.26,89.86
Russia,2019,Biomass,97634.31,25804.89,1730979386.49,328156.63,813080.56,253860,1,0.33,4.12
Russia,2019,Geothermal,65058.46,18993.47,2670432764.78,573560.44,882051.99,102243,1,0.33,71.95
Russia,2019,Geothermal,1851.37,28405.32,5750854089.6,778215.98,132661.17,221560,0,0.23,78.78
Russia,2019,Geothermal,52356.4,43587.23,932807320.45,168252.84,946446.05,48821,0,0.32,86.77
Russia,2019,Geothermal,34322.87,7368.52,6994882472.4,232764.77,129396.21,98483,1,0.28,9.17
Russia,2019,Geothermal,84973.21,38093.57,7197735440.73,746494.45,377825.48,377629,1,0.21,84.57
Russia,2019,Hydro,78600.58,14240.03,2656499059.37,922566.91,945820.48,101214,1,0.44,42.45
Russia,2019,Solar,94832.55,11110.65,7998293716.93,432997.84,770665.09,961166,1,0.14,9.26
Russia,2019,Solar,29384.79,15004.52,8927088209.74,747473.95,379073.4,239707,1,0.31,28.65
Russia,2019,Solar,31557.59,31032.66,5773159810.77,182839.78,446625.36,463509,1,0.26,82.17
Russia,2019,Solar,19297.98,3291.95,2560296812.8,861770.93,631699.52,49290,0,0.38,82.94
Russia,2020,Biomass,65174.46,20906.49,8631451573.53,524270.2,320841.41,871733,1,0.44,55.35
Russia,2020,Biomass,62646.64,41414.23,3031213960.66,512905.61,109314.24,841506,1,0.48,25.18
Russia,2020,Geothermal,11942.87,8165.97,1114600755.38,965734.58,856343.58,731661,0,0.26,98.03
Russia,2020,Geothermal,23273.67,15932.44,3723978164.23,261298.77,931194.74,535892,0,0.43,39.19
Russia,2020,Geothermal,64570.54,39473.5,5343484024.87,11711.78,473242.1,836760,0,0.35,37.96
Russia,2020,Hydro,54157.63,412.7,6394575200.99,140334.65,912903.25,220529,1,0.46,58.92
Russia,2020,Solar,86587.48,24588.9,2891954159.53,907127.21,409680.08,965246,0,0.38,72.63
Russia,2020,Solar,54874.32,38393.04,2044303326.7,454605.32,175220.83,810742,1,0.18,3.29
Russia,2020,Solar,15632.07,46519.73,5321341591.18,262230.42,977322.41,53651,0,0.08,16.63
Russia,2020,Solar,50722.21,13774.21,28981954.19,980846.45,384926.4,256835,1,0.27,75.37
Russia,2021,Biomass,65570.89,18841.21,9373341207.45,933084.38,708720.85,663103,1,0.06,56.85
Russia,2021,Biomass,72620.62,30614.21,1338062337.89,244843.56,964791.37,145724,1,0.44,57.92
Russia,2021,Biomass,83188.59,33326.05,9907034275.12,46731.43,12310.1,118122,0,0.31,59.8
Russia,2021,Biomass,17410.65,760.97,1472953377.06,21347.75,347836.97,977534,1,0.49,90.49
Russia,2021,Solar,24715.47,30762.21,601953662.4,405413.52,308828.89,345881,0,0.28,78.37
Russia,2021,Solar,26912.36,47882.49,9313443154.84,52294.9,718343.21,523072,1,0.42,36.01
Russia,2021,Solar,13293.35,12095.54,3112060714.32,76601.22,906537.01,56835,0,0.11,18.04
Russia,2021,Solar,78140.22,35785.2,4416186033.1,561190.79,327312.14,634047,0,0.45,15.38
Russia,2022,Biomass,81543.32,8434.36,1116776622.77,329734.87,600153.71,59509,0,0.18,87.87
Russia,2022,Biomass,50331.11,5045.72,2674692529.23,835974.85,885430.81,230101,1,0.32,91.89
Russia,2022,Biomass,1209.49,35349.39,5857536760.49,502556.98,788102.47,636920,0,0.22,32.2
Russia,2022,Geothermal,10317.56,26433.08,9958981503.43,653948.25,115204.7,542511,0,0.35,46.69
Russia,2022,Geothermal,38901.99,3240.62,3781992718.45,30700.35,806906.28,580186,0,0.2,78.29
Russia,2022,Geothermal,53448.13,36926.13,1498615977.44,908771.97,29986.05,805550,1,0.15,57.05
Russia,2022,Geothermal,61946.14,28509.66,1014259190.9,273413.27,83745.63,20151,1,0.15,4.06
Russia,2022,Geothermal,29405.94,8987.43,6141636204.01,31210.19,939824.94,265697,0,0.42,73.25
Russia,2022,Hydro,22346.74,20191.55,3594189603.64,836768.38,318570.51,546387,0,0.38,13.35
Russia,2022,Hydro,54007.56,47565.08,920319093.05,892723.28,210572.07,12868,1,0.18,17.88
Russia,2022,Hydro,90645.65,9132.77,4798708415.51,455799.23,235585.55,258725,0,0.1,65.4
Russia,2022,Solar,54476.21,1351.68,5865403405.3,206929.64,548557.04,302444,1,0.13,90.46
Russia,2022,Solar,72830.2,25301.25,390764996.79,13944.0,7331.47,347781,0,0.13,0.86
Russia,2022,Solar,1099.98,1324.5,1180169143.22,124419.8,427898.49,384024,0,0.5,87.74
Russia,2022,Wind,84201.28,27760.16,9912777571.62,990252.1,301334.72,824533,1,0.27,50.27
Russia,2022,Wind,92926.49,33483.53,4962067772.55,881120.36,783872.04,407812,0,0.42,33.76
Russia,2023,Biomass,18404.36,37963.51,7805286964.01,649008.98,235884.07,768809,0,0.29,30.42
Russia,2023,Biomass,39987.35,8702.19,9747305571.8,26871.18,661878.86,445811,0,0.36,87.03
Russia,2023,Biomass,9270.26,25742.65,9830542861.38,342511.57,142228.4,971379,0,0.36,17.62
Russia,2023,Biomass,38684.58,42517.97,5638947738.66,661531.7,80806.25,612509,1,0.35,58.76
Russia,2023,Geothermal,85379.31,33414.53,3493731359.61,756199.82,520506.81,188373,1,0.39,27.9
Russia,2023,Hydro,2109.56,11248.42,6129640553.59,229942.89,443516.41,206582,1,0.32,8.76
Russia,2023,Hydro,80512.16,43726.3,9571765316.29,757304.29,938949.29,946274,1,0.17,89.25
Russia,2023,Solar,69819.13,29638.94,9314880278.44,889120.32,317695.72,383913,0,0.5,81.28
Russia,2023,Solar,43445.1,6604.24,7717845488.45,811197.11,551803.96,791935,1,0.42,73.73
Usa,2000,Biomass,77773.94,5931.08,3337977856.55,50910.2,38896.04,223537,0,0.38,46.84
Usa,2000,Geothermal,17141.87,20814.24,7504996554.29,655485.54,115774.96,814997,1,0.07,54.07
Usa,2000,Geothermal,58183.78,16349.68,7112130302.62,726956.9,969940.7,152892,0,0.39,68.03
Usa,2000,Geothermal,8563.8,44580.63,9570725815.42,802885.16,503754.17,211816,0,0.45,20.83
Usa,2000,Solar,10612.04,45979.17,3415485961.61,787155.34,318112.5,464691,1,0.25,26.4
Usa,2000,Solar,4947.42,37438.2,2925045505.54,841385.17,642228.76,889854,0,0.47,67.62
Usa,2000,Wind,10573.01,40072.54,7958885821.78,988226.79,10503.88,203049,1,0.36,57.27
Usa,2000,Wind,47525.79,2422.64,4864429703.17,474403.29,483448.46,509642,1,0.28,62.96
Usa,2000,Wind,23166.39,25198.17,6793684479.03,752772.41,469954.74,112018,1,0.16,82.35
Usa,2000,Wind,38830.85,3155.34,5616149046.16,462776.68,404523.72,887872,1,0.16,63.3
Usa,2001,Biomass,72834.66,31130.24,504694869.92,85949.96,813733.61,530058,0,0.32,68.74
Usa,2001,Biomass,76986.01,40995.71,6003320682.71,259246.69,675316.34,472214,0,0.15,97.6
Usa,2001,Biomass,11225.87,27672.03,7862566087.13,969410.33,12194.01,941756,0,0.32,19.62
Usa,2001,Geothermal,14776.77,5708.44,2582022183.78,973864.11,164590.38,83302,0,0.41,86.55
Usa,2001,Geothermal,36093.6,29754.45,6852232671.12,910849.93,361311.46,164684,1,0.18,11.09
Usa,2001,Solar,32006.46,23385.16,1317461486.77,151630.79,20230.85,936397,0,0.38,61.6
Usa,2001,Wind,84681.26,17655.38,6106316017.97,219783.79,365018.51,984346,0,0.19,27.8
Usa,2001,Wind,21180.96,30561.48,1421599319.19,756547.88,8161.08,276683,1,0.19,88.65
Usa,2001,Wind,70539.64,14266.56,5402212573.76,41235.65,653973.88,581213,0,0.22,50.24
Usa,2001,Wind,59129.12,39431.61,1820055054.02,641391.16,140947.86,490769,1,0.1,9.36
Usa,2002,Geothermal,65959.71,9609.24,3076617064.89,908903.23,429492.81,1694,0,0.06,50.45
Usa,2002,Geothermal,77566.79,48141.48,6521346737.34,893648.54,760333.75,745587,1,0.26,58.02
Usa,2002,Hydro,46932.04,20871.83,7803626885.69,219624.51,75435.22,639016,1,0.09,20.82
Usa,2002,Hydro,53737.46,17102.16,8728459438.33,348110.02,80742.98,205622,1,0.39,85.29
Usa,2002,Hydro,7059.11,33327.41,7805136665.38,589216.37,357959.31,429715,1,0.33,46.63
Usa,2002,Solar,87519.5,17209.51,2903334194.31,700508.97,56450.96,476839,1,0.21,9.61
Usa,2002,Solar,73380.31,30804.69,7065652820.01,528914.78,550357.3,358484,0,0.18,65.18
Usa,2002,Solar,4144.81,16047.46,689946503.86,451799.18,655022.81,747334,1,0.49,94.82
Usa,2002,Solar,35019.81,1849.2,6910146094.44,66630.26,313780.11,195887,1,0.08,37.49
Usa,2002,Wind,74974.44,6736.96,8090048853.81,179317.08,212714.21,831236,0,0.11,52.13
Usa,2003,Biomass,15102.03,22121.03,4096895859.51,882673.97,871054.43,617022,0,0.33,69.5
Usa,2003,Biomass,87779.09,45416.5,5425866317.29,829417.94,402480.8,526579,1,0.19,7.0
Usa,2003,Geothermal,28751.24,3562.53,3210305576.43,48376.85,572095.9,394271,0,0.08,97.61
Usa,2003,Geothermal,98598.4,5049.36,6892893392.44,106369.35,527446.93,872982,1,0.29,22.13
Usa,2003,Geothermal,66115.13,42206.14,2365119297.32,177550.7,324744.38,230872,1,0.36,52.33
Usa,2003,Hydro,48664.9,9141.72,9550687328.01,898136.11,801950.72,566056,0,0.32,59.85
Usa,2003,Hydro,52515.8,40223.21,1488474891.28,990564.11,841794.35,851762,0,0.4,92.95
Usa,2003,Hydro,57532.61,10890.49,6657776131.26,540907.5,762303.36,8487,0,0.44,71.47
Usa,2003,Solar,21502.48,2517.67,1336655813.18,321792.56,739265.79,719357,1,0.12,29.48
Usa,2003,Solar,84149.62,44971.93,4750299071.48,131316.08,162090.19,832966,0,0.11,18.38
Usa,2003,Wind,91882.35,42653.07,5576735972.89,485019.68,950444.81,62980,1,0.2,57.58
Usa,2003,Wind,83722.71,14385.4,1281567724.49,418352.26,340361.11,828144,0,0.47,16.53
Usa,2003,Wind,28840.64,42418.67,267931587.98,178040.95,507060.49,184274,1,0.37,25.01
Usa,2004,Biomass,10680.47,4394.82,7350532949.3,1264.85,709197.5,108432,0,0.2,9.88
Usa,2004,Biomass,51775.81,44822.84,4701495418.81,152731.43,577238.82,813373,1,0.14,18.23
Usa,2004,Biomass,39529.09,44492.77,2833758972.96,819806.3,436342.92,481457,1,0.23,64.39
Usa,2004,Geothermal,54065.38,41490.56,9625191001.67,700804.68,256092.9,716417,1,0.37,78.01
Usa,2004,Solar,50208.31,18673.65,1824094573.75,769576.7,721085.3,8151,0,0.24,13.37
Usa,2004,Wind,99685.26,2533.96,8965256036.79,321090.74,389940.3,226519,0,0.2,36.79
Usa,2004,Wind,54159.85,32795.52,8593507998.11,934525.66,466246.06,293857,0,0.27,57.01
Usa,2005,Geothermal,69962.64,5831.93,1682272900.69,805354.56,135033.66,615374,1,0.12,78.65
Usa,2005,Geothermal,22543.94,35178.99,9587065155.48,667854.72,312403.2,36397,1,0.1,32.55
Usa,2005,Geothermal,69166.26,8834.37,7894493231.46,597945.12,697174.35,179164,0,0.46,20.61
Usa,2005,Geothermal,27698.09,235.77,3215394129.34,423588.17,175636.82,50371,0,0.15,69.48
Usa,2005,Hydro,69304.45,20809.83,3301176594.93,877703.64,140838.44,60567,0,0.25,97.38
Usa,2005,Solar,17283.9,40449.32,8800618281.78,436550.64,937635.97,888859,1,0.38,61.97
Usa,2005,Wind,55487.02,13187.62,4972807916.14,985035.71,684123.84,521931,0,0.32,57.06
Usa,2005,Wind,86522.74,32926.26,6659035592.11,391271.65,401170.46,721210,1,0.28,57.13
Usa,2005,Wind,9629.8,17281.92,2065625146.32,487522.83,694710.01,936661,0,0.44,24.34
Usa,2006,Biomass,1893.96,44569.61,5101574063.75,507526.88,597081.22,812763,0,0.26,83.39
Usa,2006,Biomass,64470.04,34398.99,265515947.87,426697.08,252617.23,523274,0,0.27,72.36
Usa,2006,Biomass,36628.06,23520.5,7838517175.67,184981.62,207393.3,251872,1,0.4,26.78
Usa,2006,Biomass,72805.28,37033.01,7578514416.65,746075.39,31133.82,828307,0,0.29,28.47
Usa,2006,Biomass,35992.09,24011.46,6705501260.73,652313.97,700414.02,711195,0,0.44,0.86
Usa,2006,Geothermal,77437.14,6488.99,565910588.63,191253.33,582689.3,743591,1,0.17,61.03
Usa,2006,Geothermal,44633.4,29658.09,6791892021.55,261455.18,462918.85,885517,1,0.46,94.94
Usa,2006,Hydro,21195.91,34520.49,9333387382.68,82210.08,379652.24,615749,1,0.06,3.68
Usa,2006,Hydro,68499.81,6092.43,4194602137.27,635000.06,94384.05,497075,1,0.25,36.06
Usa,2006,Hydro,81708.69,22391.58,3216402623.78,812771.71,947026.89,295082,0,0.41,11.56
Usa,2006,Solar,84289.71,40503.66,435536891.31,15960.04,877171.46,530880,1,0.22,70.16
Usa,2006,Wind,44772.36,4926.3,7861101536.78,115574.91,900542.78,157126,1,0.15,41.21
Usa,2006,Wind,31823.55,18940.92,7146855154.62,731107.31,290876.31,37048,0,0.05,6.53
Usa,2006,Wind,47808.01,6231.07,1469058509.67,193634.53,798907.65,512358,0,0.15,25.33
Usa,2007,Biomass,66878.8,921.96,9429076873.48,20169.93,690358.72,131172,0,0.2,34.27
Usa,2007,Biomass,24964.11,11457.99,5151176250.73,228077.81,666301.22,840453,1,0.12,72.4
Usa,2007,Biomass,11303.02,1356.94,6849022026.59,504947.1,390514.14,543323,1,0.37,1.49
Usa,2007,Biomass,10417.57,26456.51,9298412806.97,133929.89,165736.37,69146,1,0.08,89.92
Usa,2007,Hydro,52208.24,14344.08,3944304467.29,428876.76,510571.66,553060,1,0.29,26.23
Usa,2007,Hydro,35376.56,19000.26,4910075265.14,794721.44,497013.21,702258,0,0.25,94.7
Usa,2007,Solar,14724.24,4392.85,9892709062.6,934642.84,850284.57,192395,0,0.44,34.0
Usa,2007,Wind,20038.8,8259.02,9419181796.92,306363.98,651050.75,366666,0,0.12,32.28
Usa,2007,Wind,52287.79,466.57,8586916321.84,840990.7,479231.32,317903,1,0.1,7.28
Usa,2008,Biomass,80532.49,38555.18,5614408838.23,93576.85,224389.34,349373,1,0.18,0.26
Usa,2008,Geothermal,19698.61,41954.55,4571633356.57,464362.38,923764.38,254758,0,0.46,45.68
Usa,2008,Geothermal,78393.49,7945.32,1209884968.17,138643.59,751418.04,143026,0,0.11,9.02
Usa,2008,Geothermal,58761.37,2692.24,4109558029.17,640095.36,20225.61,876939,1,0.44,78.0
Usa,2008,Hydro,21577.11,35654.56,7027294876.18,248943.6,814353.36,424311,1,0.3,6.0
Usa,2008,Solar,53086.21,1821.78,6434549192.72,955781.96,766224.23,369804,0,0.23,35.03
Usa,2008,Solar,31271.75,22136.93,6243248995.6,484319.25,745532.55,243331,0,0.17,22.98
Usa,2008,Solar,63318.46,29211.29,3304665232.09,297752.67,442154.8,990420,1,0.21,35.9
Usa,2008,Solar,52390.93,18352.68,9846679134.75,119708.78,644345.22,991739,0,0.27,51.36
Usa,2008,Wind,32261.89,14960.04,5970163836.06,764317.83,912715.11,680686,1,0.1,83.74
Usa,2009,Biomass,21619.72,39565.16,8970651640.67,486521.06,533463.73,88213,0,0.08,8.32
Usa,2009,Biomass,99012.91,27637.38,9674987037.45,759477.73,118724.05,203549,0,0.42,56.44
Usa,2009,Biomass,39437.69,31082.15,8682010436.89,522921.58,31676.24,998044,0,0.06,0.35
Usa,2009,Geothermal,43567.87,21047.58,5022481214.39,870756.2,170263.08,277505,0,0.14,60.3
Usa,2009,Geothermal,57698.96,33929.82,3267797743.6,609966.88,374895.11,652235,0,0.23,59.16
Usa,2009,Geothermal,68624.4,43192.73,5140180795.44,735397.83,886944.96,322134,0,0.12,64.21
Usa,2009,Solar,39416.15,7811.13,3026126864.13,278933.7,532975.9,239369,1,0.29,85.11
Usa,2009,Wind,70891.52,28542.36,8150261376.7,15694.7,371678.69,825270,1,0.21,69.68
Usa,2010,Biomass,83907.92,25687.1,3057939757.06,560908.23,142530.48,9873,0,0.16,82.73
Usa,2010,Geothermal,75866.78,6994.17,3430446683.3,242944.57,582330.18,930861,1,0.46,52.44
Usa,2010,Hydro,26028.77,15861.52,73062277.62,150096.24,27931.47,385749,1,0.32,24.99
Usa,2010,Hydro,8160.24,46360.03,4536574762.83,564307.51,592353.02,807154,0,0.1,77.95
Usa,2010,Hydro,75283.25,30253.58,3183063501.94,283751.0,361382.67,383413,1,0.38,85.21
Usa,2010,Solar,39095.31,22617.7,195477733.42,575110.16,290960.29,835253,1,0.19,25.72
Usa,2010,Solar,71337.63,4840.44,282800311.78,152407.67,543433.68,548489,0,0.39,0.08
Usa,2010,Wind,88189.52,18331.15,7827492265.24,410407.0,280684.44,720769,0,0.08,58.63
Usa,2010,Wind,47705.16,22511.02,5445355960.96,506138.89,861927.95,170214,0,0.23,9.54
Usa,2010,Wind,27738.22,5057.76,1307530537.54,72698.21,775857.22,685453,0,0.3,93.52
Usa,2011,Biomass,16939.04,42792.32,5916235088.14,105938.59,371139.84,67860,0,0.31,68.69
Usa,2011,Geothermal,77674.93,16016.36,3863298483.64,616032.23,666849.85,761460,1,0.49,1.44
Usa,2011,Hydro,21469.45,1021.14,7412586893.47,690484.26,9632.21,298602,0,0.34,98.61
Usa,2011,Hydro,24587.6,11127.68,6582881281.96,581703.64,29734.32,58863,0,0.26,50.25
Usa,2011,Hydro,37899.03,16752.8,5705983365.93,336263.37,972965.46,681356,0,0.35,83.11
Usa,2011,Solar,85404.69,5549.79,5604124938.34,369654.64,294399.38,756878,1,0.15,25.91
Usa,2011,Solar,91887.83,44782.14,7979854118.9,516793.24,314840.49,444958,0,0.46,29.49
Usa,2011,Solar,83302.71,37124.07,7062657055.27,33778.26,142856.23,851034,1,0.4,14.74
Usa,2011,Solar,8300.69,28239.03,8811007664.96,259332.87,935391.81,378199,1,0.37,42.96
Usa,2011,Solar,36501.43,4112.55,9984612354.95,874343.28,255348.65,688073,1,0.47,90.6
Usa,2011,Wind,83883.44,37328.62,1295850976.53,61662.67,402619.9,114284,1,0.2,69.24
Usa,2012,Geothermal,53191.77,29412.08,7265713416.1,154973.0,483513.31,487350,1,0.38,96.17
Usa,2012,Hydro,39951.03,30232.14,8824002303.94,710501.82,541730.25,110973,0,0.36,52.7
Usa,2012,Hydro,19481.3,46958.91,1602176006.74,10652.11,811967.91,500281,0,0.08,23.62
Usa,2012,Solar,28073.52,14201.69,3934178646.24,400696.03,426312.42,615348,0,0.19,60.38
Usa,2012,Solar,70768.2,31687.85,1934950054.95,196492.8,837481.36,164341,0,0.5,66.26
Usa,2012,Wind,63508.94,6909.21,619525356.63,616537.72,478007.89,446405,1,0.14,60.1
Usa,2013,Biomass,27305.19,36412.96,8001734777.19,827402.57,544351.62,800006,0,0.37,46.33
Usa,2013,Geothermal,16156.88,7220.29,9438925126.59,153097.09,862067.95,926683,0,0.12,41.45
Usa,2013,Hydro,89395.38,9386.07,8341938477.61,268091.14,893139.64,237977,0,0.12,19.69
Usa,2013,Hydro,45154.45,6507.22,3255676909.11,918963.13,192719.97,784783,1,0.33,79.89
Usa,2013,Solar,29896.62,34067.53,5465119264.91,654226.66,930867.58,113753,1,0.06,57.04
Usa,2013,Solar,24815.24,44967.94,815039810.63,476541.61,798620.13,483876,1,0.22,90.36
Usa,2013,Solar,8665.26,23561.63,5223990066.69,970835.84,822627.52,270179,1,0.06,89.15
Usa,2013,Wind,44238.68,49930.7,3322107830.38,223254.67,842319.61,398245,0,0.2,84.87
Usa,2013,Wind,93283.6,36282.25,9453064293.09,626708.07,878489.15,79113,0,0.38,1.5
Usa,2014,Biomass,56292.83,38723.74,3013109346.57,452586.97,430473.07,539827,0,0.27,50.7
Usa,2014,Geothermal,52399.74,39970.31,9146886481.48,534104.46,237327.09,931991,1,0.25,76.94
Usa,2014,Geothermal,54495.15,48502.77,6428968040.69,322296.61,469389.07,498192,0,0.27,23.95
Usa,2014,Geothermal,46604.44,28044.53,9832066925.98,746350.3,625937.88,633759,0,0.08,72.0
Usa,2014,Hydro,12488.66,16228.27,8672835900.11,994179.85,785247.06,286051,1,0.16,79.9
Usa,2014,Hydro,11979.99,38199.21,3346930990.72,41653.49,910277.28,102626,0,0.08,47.52
Usa,2014,Solar,89112.98,43304.8,2616267493.17,232802.15,936800.11,432256,0,0.32,8.08
Usa,2014,Solar,76766.33,24925.98,4039305682.14,772611.93,579584.43,741436,0,0.24,18.57
Usa,2014,Solar,26004.16,37351.83,3891135370.9,719612.71,68192.83,482175,1,0.11,43.35
Usa,2014,Wind,10964.77,18139.56,1066270663.43,267626.78,988439.48,104091,1,0.27,44.77
Usa,2014,Wind,27825.86,33848.61,4635353857.63,427412.32,34624.11,99386,0,0.29,8.53
Usa,2014,Wind,95552.19,5262.38,1270603545.11,703392.12,247600.37,702378,1,0.32,70.78
Usa,2014,Wind,73416.61,14033.53,5176448451.19,827754.55,843020.91,990576,0,0.07,89.92
Usa,2015,Biomass,2352.44,20277.83,4082344428.32,579875.92,293952.14,295827,1,0.27,19.61
Usa,2015,Biomass,75557.32,34652.14,540117777.27,828202.95,643271.83,500782,0,0.08,84.89
Usa,2015,Biomass,5454.43,30999.94,5530081907.32,430693.36,364475.55,941888,0,0.49,14.37
Usa,2015,Biomass,35189.77,9934.88,2289118736.26,114144.59,113708.72,631188,1,0.42,74.83
Usa,2015,Biomass,38385.87,38235.02,2436056928.19,21714.07,541315.8,268257,0,0.08,97.43
Usa,2015,Biomass,57644.85,44671.58,2829079863.19,937588.53,138596.22,781131,0,0.28,67.29
Usa,2015,Solar,92726.21,43458.62,6577428421.49,756907.21,774957.04,130802,0,0.24,62.85
Usa,2015,Solar,53565.95,10274.5,8817541456.04,705732.83,138500.55,92689,0,0.06,29.17
Usa,2015,Solar,27332.81,4607.05,1115330069.45,655792.64,529566.28,723328,1,0.41,23.09
Usa,2016,Biomass,27953.16,46614.89,9580102738.85,321947.91,805595.33,656534,1,0.15,77.32
Usa,2016,Biomass,61517.6,9004.18,1671704996.75,801906.98,929559.51,713579,1,0.27,88.95
Usa,2016,Biomass,56070.64,17490.31,2375414377.11,481964.32,359772.92,134741,0,0.42,88.41
Usa,2016,Biomass,81069.14,9579.48,9791660484.01,996862.57,168273.96,740086,1,0.2,6.64
Usa,2016,Biomass,12785.14,24658.65,4689555380.94,313683.37,460060.08,931587,1,0.08,59.85
Usa,2016,Geothermal,30358.66,25466.05,1885035874.26,878379.51,594154.32,727269,0,0.06,48.98
Usa,2016,Geothermal,82133.15,23202.33,7587149123.08,84590.65,272251.88,238369,1,0.3,33.32
Usa,2016,Hydro,71690.96,45631.26,6479176301.13,564800.08,310901.43,450978,1,0.19,27.35
Usa,2016,Hydro,57806.16,14299.69,2092166889.01,321862.9,708017.44,458824,1,0.49,30.09
Usa,2016,Solar,80231.4,18019.47,4926187305.91,377298.99,690355.74,976546,0,0.13,38.89
Usa,2016,Solar,11899.25,14621.51,1987725068.03,245964.44,852999.94,85574,1,0.43,28.37
Usa,2016,Solar,14095.8,1631.49,2011224887.34,209995.53,294379.63,52086,1,0.37,7.89
Usa,2016,Solar,2391.93,25360.51,8688450908.39,358444.09,122028.48,734144,0,0.48,93.47
Usa,2016,Solar,36927.51,38054.28,5921366992.34,967905.18,463473.16,423466,1,0.06,96.9
Usa,2016,Wind,10485.58,45402.81,7626080538.83,173515.12,99030.82,8004,1,0.25,97.43
Usa,2017,Hydro,43940.44,7839.58,2328486565.17,14433.96,485837.78,812697,1,0.34,72.6
Usa,2017,Wind,5561.3,49678.85,5182928235.51,715883.62,511927.2,337537,1,0.45,21.26
Usa,2018,Biomass,65088.79,25111.22,5580538294.4,28452.72,137387.16,18578,1,0.19,8.25
Usa,2018,Biomass,60454.01,36383.99,9875496812.45,543061.67,222984.99,838179,1,0.34,35.78
Usa,2018,Biomass,23270.47,8687.04,1035461391.23,249074.39,216192.24,984749,1,0.13,70.48
Usa,2018,Geothermal,58711.7,47390.72,9934724901.56,666227.68,469235.11,679840,1,0.25,96.15
Usa,2018,Geothermal,80884.23,4279.23,3577858371.45,750773.45,488170.6,591815,1,0.34,93.6
Usa,2018,Hydro,87783.49,21463.83,3244647525.41,911641.65,810173.76,873503,1,0.23,54.68
Usa,2018,Hydro,4315.93,27079.49,4187441843.03,631228.44,352762.74,738319,0,0.39,75.47
Usa,2018,Solar,5940.14,41237.75,64155253.51,162832.52,944647.92,231892,0,0.19,52.49
Usa,2018,Solar,57579.42,22080.43,9638906047.96,868463.05,451016.83,574172,0,0.49,34.73
Usa,2019,Biomass,99128.31,6621.66,2692389016.7,34768.94,72130.39,605923,0,0.48,75.54
Usa,2019,Biomass,58345.42,41600.16,1036030788.43,719676.09,833478.77,772128,0,0.24,78.05
Usa,2019,Biomass,51323.52,43975.83,7170606711.05,68459.26,550190.54,365418,0,0.47,13.01
Usa,2019,Geothermal,13465.9,4284.59,4123238093.39,714399.18,871779.43,554331,1,0.28,9.72
Usa,2019,Geothermal,6992.21,35337.49,5275657608.93,225934.34,514938.57,75406,0,0.35,24.64
Usa,2019,Geothermal,32373.34,29917.18,6377445049.75,138370.89,269637.89,531195,1,0.13,81.64
Usa,2019,Geothermal,49256.76,12091.13,3196415070.8,569506.12,358391.09,463381,1,0.31,48.7
Usa,2019,Hydro,64697.26,30076.27,5502260539.88,921397.46,91505.13,807126,1,0.15,40.65
Usa,2019,Hydro,89344.35,4127.86,3944205127.39,875964.56,212725.11,265938,1,0.13,59.03
Usa,2019,Hydro,5668.13,14020.4,4142253707.27,783641.94,126186.47,88006,1,0.26,68.1
Usa,2019,Solar,72798.41,20009.74,3122725697.65,877089.91,461241.23,62961,0,0.16,58.06
Usa,2019,Wind,23466.38,9643.15,8192107794.94,885869.33,147462.26,291434,1,0.18,25.38
Usa,2020,Biomass,2016.88,1409.73,8121393329.62,575817.55,593925.98,6378,1,0.24,8.33
Usa,2020,Hydro,8883.53,28294.36,5448697655.13,166880.22,272836.31,822598,0,0.1,45.05
Usa,2020,Hydro,31652.71,42367.66,7089670626.36,978854.93,706163.33,336363,0,0.19,85.3
Usa,2020,Hydro,69297.13,8736.7,4704100226.04,61540.36,303192.7,924792,1,0.24,33.22
Usa,2020,Solar,41224.44,47728.78,8508750629.27,543905.07,348105.38,877725,0,0.29,68.55
Usa,2020,Solar,20888.41,43701.54,7208631197.64,978496.21,865404.33,766543,1,0.08,18.66
Usa,2020,Solar,41907.02,946.31,3888306322.36,91829.15,456994.76,289602,1,0.2,79.35
Usa,2020,Solar,55353.69,33379.08,3888287220.99,300234.8,118618.78,501933,1,0.22,81.78
Usa,2020,Solar,43242.9,2809.53,3464299280.66,292746.96,115242.82,881833,1,0.29,15.97
Usa,2021,Biomass,58609.68,32735.67,5746494111.81,904966.03,704137.67,532357,0,0.18,43.84
Usa,2021,Biomass,47732.05,7466.3,8395935961.66,392895.73,977085.63,693910,0,0.12,96.87
Usa,2021,Geothermal,67052.0,36174.4,4129635160.7,757177.59,472364.2,657184,1,0.21,83.92
Usa,2021,Hydro,83683.73,35463.99,7629238143.28,342319.93,900424.54,867844,1,0.07,45.62
Usa,2021,Solar,16920.32,2737.23,2917121855.64,241800.84,226466.58,474167,0,0.36,82.62
Usa,2021,Solar,66040.22,9084.08,7040631598.99,192527.04,468628.92,927083,1,0.47,53.89
Usa,2021,Wind,36437.86,47153.48,8471643943.8,844289.44,99261.92,653100,0,0.14,52.59
Usa,2021,Wind,81854.11,16760.74,8814753836.06,376675.22,265594.12,200719,0,0.11,14.57
Usa,2021,Wind,5155.34,35354.39,1379580380.31,127821.6,427044.94,924255,0,0.07,18.97
Usa,2021,Wind,3057.86,12837.91,9382185994.8,583724.89,758055.4,550349,0,0.34,3.4
Usa,2022,Biomass,27670.82,4605.34,4222246273.0,212300.65,934923.39,338323,1,0.14,1.18
Usa,2022,Biomass,27393.96,4041.4,4762948198.88,490355.16,100151.48,985584,1,0.1,2.76
Usa,2022,Geothermal,10965.27,44860.26,2482719066.65,963221.84,981994.57,388499,1,0.12,23.66
Usa,2022,Hydro,28361.26,34290.43,7275884639.81,602933.51,482421.66,42851,0,0.32,98.64
Usa,2022,Hydro,62563.68,26360.51,3642153099.97,982526.16,542453.93,31646,1,0.31,98.72
Usa,2022,Hydro,88370.75,31082.3,9830475098.66,687526.06,104122.06,720116,0,0.26,75.71
Usa,2022,Solar,33851.85,27673.26,9513058417.57,763942.9,48682.14,56376,1,0.49,68.74
Usa,2022,Solar,25805.66,11276.41,2648099270.03,454455.75,149606.67,625653,1,0.32,32.43
Usa,2022,Solar,45342.8,39612.5,8850473165.09,365414.63,464945.44,122513,0,0.12,95.11
Usa,2022,Wind,90935.51,13932.68,2908167646.67,61699.01,626334.02,690468,1,0.05,7.64
Usa,2022,Wind,10111.75,21079.96,1797897110.23,711196.67,588302.95,677619,1,0.42,62.71
Usa,2022,Wind,35753.15,10077.6,8417538909.24,205728.35,410423.64,663523,0,0.45,88.75
Usa,2023,Biomass,57151.66,36482.57,958395998.4,827702.7,784765.43,700515,0,0.42,15.86
Usa,2023,Biomass,85641.93,49917.46,7250973975.59,997714.9,807388.84,498881,0,0.45,74.69
Usa,2023,Geothermal,35514.46,9858.31,1393059827.11,245809.97,714962.63,702553,0,0.05,20.52
Usa,2023,Geothermal,49173.33,27627.35,4788044035.43,506206.73,138675.82,795101,0,0.32,27.44
Usa,2023,Geothermal,28315.3,37366.9,7868287984.14,219025.72,930163.87,420419,0,0.12,15.81
Usa,2023,Solar,3484.24,3081.11,4228084207.55,910344.35,856078.78,754457,1,0.14,98.57
Usa,2023,Wind,84123.42,114.53,8862533293.04,630754.28,54945.12,359897,0,0.49,83.48
Usa,2023,Wind,40604.12,39312.22,5732649610.14,85265.24,720995.51,808160,0,0.38,31.89
